-- MySQL dump 10.13  Distrib 8.0.15, for Win64 (x86_64)
--
-- Host: localhost    Database: medlyft
-- ------------------------------------------------------
-- Server version	8.0.15

/*!40101 SET @OLD_CHARACTER_SET_CLIENT=@@CHARACTER_SET_CLIENT */;
/*!40101 SET @OLD_CHARACTER_SET_RESULTS=@@CHARACTER_SET_RESULTS */;
/*!40101 SET @OLD_COLLATION_CONNECTION=@@COLLATION_CONNECTION */;
 SET NAMES utf8 ;
/*!40103 SET @OLD_TIME_ZONE=@@TIME_ZONE */;
/*!40103 SET TIME_ZONE='+00:00' */;
/*!40014 SET @OLD_UNIQUE_CHECKS=@@UNIQUE_CHECKS, UNIQUE_CHECKS=0 */;
/*!40014 SET @OLD_FOREIGN_KEY_CHECKS=@@FOREIGN_KEY_CHECKS, FOREIGN_KEY_CHECKS=0 */;
/*!40101 SET @OLD_SQL_MODE=@@SQL_MODE, SQL_MODE='NO_AUTO_VALUE_ON_ZERO' */;
/*!40111 SET @OLD_SQL_NOTES=@@SQL_NOTES, SQL_NOTES=0 */;

--
-- Table structure for table `tbl_account`
--

DROP TABLE IF EXISTS `tbl_account`;
/*!40101 SET @saved_cs_client     = @@character_set_client */;
 SET character_set_client = utf8mb4 ;
CREATE TABLE `tbl_account` (
  `user_id` varchar(64) NOT NULL,
  `username` varchar(32) DEFAULT NULL,
  `password` blob,
  `employee_type` int(11) DEFAULT NULL,
  PRIMARY KEY (`user_id`)
) ENGINE=InnoDB DEFAULT CHARSET=utf8mb4 COLLATE=utf8mb4_0900_ai_ci;
/*!40101 SET character_set_client = @saved_cs_client */;

--
-- Dumping data for table `tbl_account`
--

LOCK TABLES `tbl_account` WRITE;
/*!40000 ALTER TABLE `tbl_account` DISABLE KEYS */;
INSERT INTO `tbl_account` VALUES ('02316ee5e6e1be04fcc971b48b9fa484ca5bc2bc8de22ba83c8d16eb1600a61d','ava01',_binary '$2b$12$ptnj.W7P4k07BQtMK1lOMeJHsihCAx0bw78LdBDtJW0Ilgy.JsYKu',0),('030091e88a0cc63dc571c7bbce91e789087a4c3f3d48be90acbf2e5ee8854547','greyson01',_binary '$2b$12$.00tgdhSB4thii1b39iy1u4R4nqO5FDCvRCDKxqrmoOxiBqIxQjha',0),('0363dc9e22174e621dab53b635a6b206de02dc21875e05d63575584c27e782c4','maverick01',_binary '$2b$12$26TiM11YWjhppPxGZa.sve7Ts384f47il83wV7dqLd/NRhgLZ0IAG',1),('048bf3a859388f7f149abf843f0e1bacd391e4a61d452d7099c819ff8989e192','lydia01',_binary '$2b$12$6eJ9XiQjxX//rS4gq7DRteeViYDiA.7P7.746XFG66cX92Rdc4pv.',0),('04e00b20a08acb9ad06b60bb9061777c427964f826cd0eba0c2954fa3115954b','matthew01',_binary '$2b$12$dFT1JHTH92ywAVrpUqvdtuQWx2M9zeFjdvUQelwmz4Pm3tCZqk4Dy',1),('04f01a152bdb6850fb8bc1e1384c36e10e35b280478076fa4e1d8cc60115612d','sawyer01',_binary '$2b$12$qte3atzMvYu9MFnuBPDv.uU2hIkG1bZGMdFvUcXKqN.waReOHgaVG',0),('05fbe02c6196bf6ed72e0d8820e54450fb78ca2efa889fe250ea614432bead1d','skylar01',_binary '$2b$12$6CCXECIhshxp6td4fgapMufWn8kM9wTMUW.hKzzBz21.xmI.K47C2',1),('06e485ac2fc8631448a45414926de4ce9b90abfd4a36a754176f650f95252f2a','maya01',_binary '$2b$12$faxcVv7CITnx83oXLVTjS.XUMjwX4OCNsvEA/6DEwpp0z/kjaTOBe',0),('07d55acbc76696fc678f9e56e0f9dcb16bc9bbb2c6964b74b3c671bc4cf7a780','mia01',_binary '$2b$12$WmCGC0Y91Hdjs.kHH8XZbekTFC2hx8NC2VO9F5Ei7r9MesnU.GzMa',0),('08586c78f9d66de29bd195e7602d11799ef4f366922ba47645d3e1a4e825e75b','santiago01',_binary '$2b$12$JRKuFy4/486XN8EG6f6QaesIEer2LnCFszVdD8EqWtl7thfL91dN6',0),('09f9657d3a9cf4f69594a85d6fa2a854ac567f5584c8e3ebb0bd7b341bff0b71','avery01',_binary '$2b$12$pwx8xHV64CGDxvVSAxsFg.nydCS8NK1dvEZCQ2tCfvz8ruRPzC4pC',1),('0dd7b3c5624261aff58f08da5dc9887ed3eb6861cf589dce1dfb02fbd4c185a4','nevaeh01',_binary '$2b$12$38x96/R4Qklce0Pja5olVeDbI1vwwuJ2TGV.cwV.LmjD8Ki6ELZDS',0),('0e656875883145d12d6d6a2c6f88e12ef87e2571361dec518b3023f1cef71f8e','kayden01',_binary '$2b$12$N1d8fPCNLfiMarIpvUiQheuVpdPxukbImy.XX6WbqglIKrL58tl3a',1),('0f878c29f3f093ffeb163e57339f20baa25a41325d9363aa8e16f8d8fb239255','lucy01',_binary '$2b$12$iqHuIDQnGQ1nykBrDepqoOqCaqghfgXtr7qiodbWZXRT7KL09oYem',0),('11a1c2f052a8b12ad6254fdf90cc0cbe20339aa438d8b5cce903f4c8e638b930','cameron01',_binary '$2b$12$UJGD4dRZp4rPaNCa5YYDIOR/ooCT0NtEkwH54DXkim4s8T6Un9RrC',0),('12444da10c343dcc4c3b7804587e0b77024b556bf0abbf5bcda5864ddf7d6365','penelope01',_binary '$2b$12$zaSSaHkYtQg2Io/49h7Pq.RMHZzmg0bsHW2IqNvoOeHp2hIGP8isG',0),('1245b10b26c4b009673fd5366866ef4617b525b5ab0139e76773780f96dd4acb','mila01',_binary '$2b$12$ZaqPARkTOegmmbEdHszRWOBvPtUsXFEsOUserrcAjka9rKkBJui06',1),('12c04afdf800e0f4a8e91ffd98cb31c1f10ecbe2bbc116507abb932ef8ed30df','valentina01',_binary '$2b$12$8arvHclHEmTfqRz9ccDZLupsSufv.i04XPLg9kwk9HOE3/ya5nXXW',0),('13972ea6494fe7f8f25a61f0b4d02d0ffaaf8b9dac06f4acd6a30afcc154d3a6','grace01',_binary '$2b$12$8S1uQsnwDfRMneeRyjP0peU8Dr56QyvfqZy2owSDbk3ZIiikUuVre',0),('148a00f524c3ecc947c684391f7511c627df1ffa0844054446ba6ecff59b6067','julia01',_binary '$2b$12$tpbKDlH18ZpkaEX0.4D/M.MwJYl5BzQTQlFkEYxDig9sCTQh/9zxm',0),('156591957ee5c776bdbc063aa9aec3848ba7748d5b3676685c950fb77510b8d9','layla01',_binary '$2b$12$zZhKjU2okBbjgNagprcZ4.PYy..h1evERQIncvklCQ.seUFNrzumi',1),('19e0db0c7c6c80b9678255d6d7577c88319b315c241b3e03d7f3739c50246ac0','jaxson01',_binary '$2b$12$cLj0LKpUFluV5pzaeSzVG.XTwHWc7kT.ZOdFFD.hboEsp93IXXzVy',1),('1a2d47679f23e4a41117348e61aca30d39b5eda062866ad08093477842c4df75','aaron01',_binary '$2b$12$zeXcf4II9QnCo36lx3DIFOvtPuH8WOgjJ1uc5yF9xoA4LVs5c6NhC',1),('1d67572c50583c753cf2d75f790e97e061f58dab35e43f633ffcc9ad112a8f03','josiah01',_binary '$2b$12$kH1Tng8a5Q6QoBA3oJLPIenQcxyMl61MpQ9UmrIPCXG1rtXDX7TX2',1),('1f084480414f47253fc2ea05d8a04204a755c9246119be591239f444954e1704','lillian01',_binary '$2b$12$pbzcQ.M5jP76zbGEi.ew5OYmYEvtDwHosBYNfNi.m.VI2/9mRa9BG',1),('1f7d34c12eb1b713027ee818841fc85001ead1d00ad1f1693b42279ac903e17a','stella01',_binary '$2b$12$Qe.8uRLjyVQ/uAHnXYaqFeTL44UmPRbxLCX5NUMCYUaGgWNnuh99e',1),('21702b2776b554fc4f9099733118ccf1bd2fd7c7b04c709bd5b0e57a984dd252','alexander01',_binary '$2b$12$J2dnT84z52ABXB.sqh.sR.tgkQXvyoHGpQhBMQ8dvyMj9iJrkMLIS',1),('22902ea28c4df60f07c3723d8e2d0e7adf282f1585f08bc11b3b8e94a8136a73','aubrey01',_binary '$2b$12$9Yb71s16d6tasBCpjbGJC.j36j0aBVNZIdVDZYRRb7OmVIJW7c8AK',0),('22c9f6718e05b7fffa8f6c2057edf02a75e508f7a4fe024c20ff4768a446dfef','lily01',_binary '$2b$12$BoWP.WH3r2k.kZQuc99bLOYVkSZY76pUCf2DHfnJAgd.fe2hKnxAO',1),('22d4e4d346da1d492fa6d92233d6ead1683d7563806ed272829f2745b056558c','connor01',_binary '$2b$12$iQAXt4rOE.V.eVgkisSOAeVUJmxhXj.Fwo5TKs6UG1WI0tSmNmx2m',1),('23f064b6299ac0adbbe211f17c3a9917be28f0480c2c11c620d4cbfe1eaa31ac','hannah01',_binary '$2b$12$NI631Z9MWHzumW1ECK1NleEWIFugFz84EmD25C1uJRkS14ePI.Q9K',0),('26471a8032648912fdf1573775776411195929eb71b7b49060e2eaea14377340','zoey01',_binary '$2b$12$C.vD0lDQOm55d1JZF0Jd2u08NylDjxmcCr.2eL.JQDdKriKn7qEW2',0),('27afc2042e75f48eb24cad44fb357e8980640e701801de1b9615129e3fdecd3e','lincoln01',_binary '$2b$12$wZAVpSCjsMeiElglhS/G0uX6tzP4ZsGY2h2HfoTc7H9dM6GaGygC.',1),('27df550802e31fb4736cf898d561c7e8eb14bcf2815e85f02ed3baba672a3c83','brayden01',_binary '$2b$12$RWm3VQY7oVBt9bdJb/mKruTmEqXD7enYVjQIrDozrRhBdcx8.tW8y',1),('2c06c0c240dbb223279219b96eea048efafd792482992ffc9cd76207bb85e1a3','jacob01',_binary '$2b$12$XG2AIW8PoSrufAy5C.l.7OdQ6ZE5.xCtnrQB1.oMEk/jr7lfEOvVW',0),('2d6145b348b4c2a4c52a101f213a6a546698250ce445be727de5bc11756b8b07','adam01',_binary '$2b$12$b9LdelmZpyuHG3wX2KWAju0ZO/p.DQkqFUNL04MPPd.0LWvtIli32',1),('2ecddbec0174b392b95a66934818eb81f066468ce04f8abd0bddef26e785f128','daniel01',_binary '$2b$12$0.6HJ47FXA2Fackw1XQ/beiQZop9m7NHHazOoEDniaVgP5bxldYxq',1),('2f48827438c66255ace550ac7e77e3bc97f400b7189762aca30b213756901f13','emily01',_binary '$2b$12$6bAVPzm0yMbOCKWwAm5SN.iDKY68v0cq8vo2HelwFVNUq2owEmsMS',0),('310fe49ad826ca52e350e09b590f03c05020e91ed34a01c3c7e92fb6581c43ce','caleb01',_binary '$2b$12$Rsk7jqDRJZW5kXgych5Za.V.PtBXEsJJyvCmjBJWkC8h.Ym7muORe',1),('31e105da1933fd6e1fbb48504ddcc4f696ec2545086abac053defd8c6f756e8a','ian01',_binary '$2b$12$gUV2GTAIdfpg570nwCQYUe/eN/kpp27JjHf8U3.e311PiNLemNLF.',0),('327b568e7a94630c8e829ad612879a2726d967d372a6413039e1f53d37a1ad79','zoe01',_binary '$2b$12$Wf3RO519nppFwrJ7JstnP.t5kARm2Vap8Mb1E3r2swx5uc69vwPPS',0),('34b417cc2f1d281834f8ae013f663e88b184635cf449c7f5a3c2231caa7da43d','isabella01',_binary '$2b$12$QCATj3JVxqNvUoQaR7cir.6GreqXtGEQDvMrl/hmYnK7mHtDPWwKy',0),('34d5cb3533f297866f2f39b4f70163402693f053ece961081dc6be71d5b7b06e','madison01',_binary '$2b$12$gKvI8CddRKOR2jVSebvgy.GLUdJGb.u78fLciyx9AqjG8t3wvy22i',1),('350cfa73485556dfa475ae4045e27553890c18c02265093be9a6b9e6a15df183','cooper01',_binary '$2b$12$5VYwcsu8c2A8.T32lrXDAuRMRgehRlX.euacOmyy3uGMjVMxSbxHC',0),('35f70ddd14f9b4aed92204cfae7b606286c8efcc51b18836a99d9cf5a24a7bf4','madeline01',_binary '$2b$12$.KI2XEnI3x2FCv8NC42o8u5GIXj6aDtGgoFb6QBr/X2ZsN.JISBmC',0),('3621dc0344e9d7e0b092b7326757980713bab14ab31a0b04dc7ac4e9bf38c61a','mateo01',_binary '$2b$12$lVihlxmr3..PGiD8DHRS9ecxEQ.Dhl94SQOkpJGozNcs8Bergyphq',0),('36ac840d51fb8613cc3f21190de58f0def28654ed6c0f2c828fa9de09bf50698','dylan01',_binary '$2b$12$XqyEO/9BCbwIfPkiGOHILOrnxNbCDDuvLAnRjCCzhTq66OXK22lVi',0),('37c066b86e7a075323d94ce2805b91062074791b346e8dcc9cfbbc8f960f61aa','eli01',_binary '$2b$12$KkUTq71IZD7RBub3meA0HOh/TLl.5RmqcrzVnmaad3MVT4jpfW3A6',0),('3842a76424f691afefeffe128816ac5f62964b57baf7b1c182408af6f458052a','sadie01',_binary '$2b$12$DhII4uMMvLnWJsdEZQKUWOyw98EP3MUrZOApu8r87MEDUooP3Xy7e',0),('387743a90826b70ceefd526e131f0d96d33f1c0f859b11eb5e91f1d80322bd96','riley01',_binary '$2b$12$zgW3HrYuU2veQKoYzAUboeyQTWKSA1Hh2Iqv1IEXts3LSSDdzk/pa',1),('3c0b6ca81bf733b2edd774fcc3ec9471a43ff5a28377f5ce38b3f826b00275a5','michael01',_binary '$2b$12$TJCcWOdt02ZTMUrMdop2xOrO/zRfuqcma.93wV6MUtxMdPO7.nRwG',0),('3c126655170cb928b4dce4a4d249e88b4fa749ca2227f194d508db4c04ba9568','jonathan01',_binary '$2b$12$cG/0Q1kjLPyHqJStCepgLelHrfVHvVoE4cCvtNPP1deyRQti9xnIi',0),('3d120dd42aed74c54e8caa7e9241fffd7e851996c24698f5918b836f611cbcda','austin01',_binary '$2b$12$zsF.SbRVDR.wByxuPZvszerdJgMhHF4ehUU.mBuFW.JQRRsqgDnW.',1),('3e86f08520a13b09a849526d23ee83b470871f512aff2b6e5566cd9e2217d48f','cora01',_binary '$2b$12$HHtrJnjLedk8B7vymey5Au2snyRSxLGDzI5vwkGnawH7Oyq49WogC',0),('3ee8913b773938a8cc2fd80a1ce826f59f973f291b4b3d7a1e156d5d69d634a9','luke01',_binary '$2b$12$OWzETt9HJtu9d.hGmcIO3.yGiLBqQwwoE8TpiqQIYU7mNbMDFpl7S',1),('3f9d2722678ec33749038901278ecf5ede09bdde5ce9b9e59fe57801432081c5','violet01',_binary '$2b$12$D/cW3cJZZ.nUNl661ghGc.Bln0KeGNV6X33I9t.XmlqnAhFbDGU0q',0),('4112d0a9689ce8312f778bfaf254bf7d0d649e1c438c8d5ced816ac46d082864','jason01',_binary '$2b$12$QKDoDtv2lBSDezYEcsURe.uPk4FfZeP8C3r/PmBmRLZOkysCVZG9u',1),('4146317baad705d7f72266cdfd1a54c8b90a22fab597615a8cc5b22a506c7e68','owen01',_binary '$2b$12$JAdTTjheU0jziXt6EfeLQ.nMe0oDsecfof4SB.o3ZLqzef7h163d.',1),('46074bfccbb19cea36026d7a94c8aa9ed88836048d65af127c8d49ca09f3138b','jordan01',_binary '$2b$12$WNMjuC.0xyoa0xM/eC4Ru.RzssY98MsLH6oJVVZcNztgyYfQhGY4q',0),('466bd2f1bd69da7b81b462297e15cde1315fff328a668a09b0155bdb1e00dd11','ella01',_binary '$2b$12$oquE8RU/AWMh1jTapLECE.7BbED1lou7fL7K0ju/8.RNhZbHcRbW.',1),('47c77c35fc292f77ec64566c9327583670283a6384e04ad2b18d0cd65528514a','melanie01',_binary '$2b$12$3fpmmxG6yYVi7XAYxmukVuG/6tID/3WfL8pjhmaMxcAGW00rMzF0K',0),('4c59ebbcf501cc0af1fdccc68dc553cee5ecc0dca39c1cb7a243784527d8bd3f','mason01',_binary '$2b$12$jgeIBuhtpFWEaO0BA5AJNOlYGUTJTy3jITjG9p5v6CKz8LlRhw7H.',1),('4df1128ae82ef1c76c87488ddefc83e474723e7d6a44771b8b5a89573a4d28b3','asher01',_binary '$2b$12$uKajh5.Asu/.9cTzNWUVr.8A77sNa720DiEkX6kTKkPXxIGzpbNVK',0),('4e8ca4e8f61d32b71c6e931144f1838ba40d3e800d5c5d7da490666a3e22312f','willow01',_binary '$2b$12$dElf7031UVqZO0yN9u/BN..oay4DVPn8zST1nPYKSBYNTiCivlTni',0),('513d840e2075ee2c6d342bc08bf48b57529c81bb3062c105771f4fcbef4247d6','isabelle01',_binary '$2b$12$ueN25X3rUcLDfly9VJ4RqO76v0ck/Ij7RPuO4yMDky17HO/p5GZfW',0),('518e8e21587bbcf1cc887ad18fd6f73c040c3e0e9361e3290f49311d6f877b53','roman01',_binary '$2b$12$oW3OGpFbtFmHCL0d8Jwgj.Uw6YLPytBcbVAyJ6sOxvHi3F8cQ56dO',0),('51d33e5640c9a02c501d7186061d02708b0013402346f234634a12ea702fe254','reagan01',_binary '$2b$12$VWrqz/xWkhUELPpPcL1ZGu3Z1QW6l6YJMZCpDVd.s1wCobzoGmM/q',1),('52470c1b3e8c8f4b749c2861d33c2e0bed8fc84079a61f3499bd21f04365f499','william01',_binary '$2b$12$3XLR3.pgZY3t8fuawbb8X.XFJjpip28/wKnHJOJfzRDsFenQiYMTi',0),('5307fb2ae220459e8461153b45983ecce4208b871307a2005d354f54fdf355ae','theodore01',_binary '$2b$12$voMWWQewD5KDblAtHuLy8uglz252aJ9NUafNVLW3VYzvlLdoLviDu',0),('53df8c483f4b615ed2b426f5420afb0830d10b8bebb90c5d276d1d448b8b358c','serenity01',_binary '$2b$12$aPtTt4QrTLAqi35UqPGql.4SkOzvVGzga9dx2HtLchtnBfkG1ORY.',0),('551b0a59d82c0ff1054bdf60e07f1179e67bdde67c6597fbdf4e230067243d9c','samuel01',_binary '$2b$12$L2/BLIzXN4s8FNDiaq118euzn4nNcmDM7d2NvoS4Jk1ixg4h6tNXm',0),('551dde065ff6aaf79ec49be2d352b6a8fde996d1db6c4a7008df899aed545a85','elena01',_binary '$2b$12$76hnYbKiNioO3CrunFkapO/Gjc4x2GUuaVgrmwgnjqJhzw.mEKEda',0),('564d0a648165773fef8063fd440bfc2ab5cdc18ea5c5cef4636ee369c4524d0c','sophia01',_binary '$2b$12$QO.Ku6JdJpzqX1hZ0n/.G.PsTlFM4z39j4HVs39ZIFU4C3l1Hb8pa',0),('56a3bced2295ef6a7289a251cbec869ba558c2f1219453c4a1164bae6bda4ba0','mackenzie01',_binary '$2b$12$lDf4APN98IO4wFo7vf9gCuZJ/R9a.jXYxy7kllgeWiSz5eu84Tuta',0),('582d0bb97603d7422ac780b12020707a317ad81f040acf51aa48730b2e278136','emilia01',_binary '$2b$12$SzJB6GXqu5xEt1HH20oTfuW/h9xYX7BXGgfiUSmOWRwtd/46RlDpK',0),('5acbed79fadbe7d67d2cfa8096412e1f5c00b78ca6bb24bb482d19300ab78c84','elijah01',_binary '$2b$12$eDYLP2p5qYsawk4BA5TrbeAh7Y3DAyQMOSPZ2WykqAkGPNXTvtaXu',0),('5b66f1a90d4bda5d6d25b73bedec72b40cebf1810e100d8e4e384117e0a08694','angel01',_binary '$2b$12$8v028xfb/u3r0DK4Bs2kjuwqnp6cY9cETiwE1rvibVvysNLFKdqw.',1),('5bfbef2b6ccf6d16385917e45b152cea9e472fde680cc85b7bee37fcd0f21f35','evan01',_binary '$2b$12$uDBa/uOZbP0H2KEWPe8J5.C0jrkXOtL/7E4xDSv3G.v13SuNhUe5e',0),('613d433c13181505deac3ff9ff3a12a65019292ddd74ba886e6116655e36ca6f','gavin01',_binary '$2b$12$YQEWWgatvNWqAJPwUkzqUujHy.EZbwarJkK8cogqcgn2hCk4WVEZa',0),('64ed6306510d64aa331f5f28e5b62f10101e0d67bc725cec147e666a181be983','madelyn01',_binary '$2b$12$r7od7tRsWR3ivhM/oNKDTO8bc8OjzE3c0OWXEiXtJ0IZsoF1TwE52',0),('6596712c30e45e9ef0007edd9e40ae9dfbb9ac010698fc0aefb40dc137379446','nolan01',_binary '$2b$12$S2KOLnypOGBIL0ky1XaG9.kQc0xADysGLPjiEnIyoo15shdfIrH6m',1),('6c05c3fcb2779f39f81c152d1849048e71b09a7505752bf982916a4c0b04e480','sofia01',_binary '$2b$12$4fvw3UaRjyEohVTNUDdhwOFU8WDBgWgAGEGNUX3VBTFL5qHJ5ve9W',0),('6c86c17d058e52a59ad7ade2ffa0c3ca1dc2739751d1349ba3bb1db785bc9f3a','aiden01',_binary '$2b$12$0WsiMGBnZXsRpPMiE/Hy3ebPgDaLqatW6t1DZQMvCdG6Y5Q6Sng7q',0),('6cdc1747384272343a2ccda4b870cf7fa5ccc309d260274285089c62ac596b6f','leah01',_binary '$2b$12$cRogVd9aCyhV0l8VpKBw..CGKcXNFZR6gfAdMhG0nSRn8Ks5iCXdi',0),('6e6ba9032c9d47253714c503979d6e3aec9030d64f84435c5d23e5052a9aecfd','hailey01',_binary '$2b$12$BAJiESAnvUzvN9DXItvGoukEkxE/m/8R7KDap418S8M8URzSbUlUy',1),('6fc9e3c7a0433b2b4066f4f7d294055d9ec6c2e95705ad287c3d6729bf335ed3','arianna01',_binary '$2b$12$eZOT06uQpHlDVbk8mxA1iezPkE3RPhlucDKGCemaYUf6vJQTwopke',0),('73bf28ec7a5301f650f6918c6301f7c3f238b2dde88670d2846d07b834ee90dc','elias01',_binary '$2b$12$wY2sZLj0Qn0JomU3i5Xeg.NIWVXYOu0KjsSPPk5ygQOUynvQyDVRy',1),('74d6b068b0e2bc6a3892dbe70aec345ca37cca848cd000b99c429c999fe921bd','clara01',_binary '$2b$12$pmctE/lhal7UN.hYXKfxVe3JRzy1l2Hp483nO3Vo72kXGkn6/5HEC',0),('74e1867660283c14683a8127b445481271f1dec39a8f72ec0ecca8d8c9a93d68','ezekiel01',_binary '$2b$12$ftXHvm8xeQDLIOezeiVP1.zcF4JVzbDCm/72eXap4omPUsyGouk3u',1),('76fd48500c7a70e30d9fbd9d47033034c67012d271f62d3cdf82b4d2af0beeee','leo01',_binary '$2b$12$iCn61DUy/e1y0AFidwCwfeL70ZUpu/AmNnkIag2sErddW7BlhmWly',1),('77e916ea826c2a388dfd6a1646072dad5dc2af55baf6d201c68f11ae76d106e0','aubree01',_binary '$2b$12$WtYQXoKS2Ywk1Q4XlBZagOJaOX1yNv7aP0tbRFmuAFnLfbhX55a86',1),('7ac8f50da9d2a0e6d98f479dba7360d4afcd71e7d1b666689e8ea0dd7b3844d0','aaliyah01',_binary '$2b$12$85/wiKeczsCtKQkmHCROMuTK2qyQhvr.ZLTdAQCnIWhFKCwWyIx8G',0),('7b21ba695ceb9473ebda6c5f1b65df98ad9c2862a71e6db7ad6debba7e79f65e','elizabeth01',_binary '$2b$12$CaDsQ1qwDe8q1V9dZCTgFOEWXexTGDCSYw5tWZtnrxldV0nZKNdIy',0),('7b6e39f7097966606d5500fc6625e4b02aea7c1c8fc0e75cf68c3e9c1d524e19','chase01',_binary '$2b$12$HI.NKfNlvthPYCrcdroAve663ywCuYOBQ7HD87jbuCrCYcoI4dwAa',0),('7c0f9a45e0f2089acaa3fb9a32371944f803b12b775ca0f486069785e6ef8b4c','caroline01',_binary '$2b$12$/D1FgczDD0V30OZ77JlI9uMKvamK/eC82M1YM5slegke4gfMrDu8C',0),('7dc0b32ffda752e80837d07d1fe728d252449aa968179e6c4167aa2b810cf559','leonardo01',_binary '$2b$12$H0ApIeZmKmyBat8CPhmlwOgsRhxUJdqlfig58uWu9Acg4vQgQyZeK',1),('7dfdde90231f09ec1ac2c3cdfbfcf4c5b57f0d514aa90ae378a3f5578199d369','nathan01',_binary '$2b$12$6ZGyHjnyggnSiKFTNW.b8e3jV4LwDdjYS0lWu5zPk57Ff3FYQE1oi',1),('80d7cbcc0890b7a2cb43923d601246fa14866ae9e8239192ccefd6457c3e5fb8','dominic01',_binary '$2b$12$YfQ.hFe9LZtFHNRxRU0Hnui67Dq356JhLOYLkGy9PFuIJndNGYzye',1),('861eda0e37d835e05fce5d98d3e6aee8a1d2c9d8981a7c2f4f84441f15a00aab','levi01',_binary '$2b$12$CP9E.1yW88kUnSrMNh3gpOKyRe8IiootGH5dc2rywN5Kkk3kHfobG',0),('864a1ad87af6ff6f3d144be7778a4b46b5fa6f5868afff4f22a0b31d4b9dec09','carter01',_binary '$2b$12$c79AJJ4v5JtzXOC6/2sO6e0t13t6BzqPxL..ojY4UNibkoSzeObX6',0),('888a925371182c13bb6cd087c0d32cdfa1842f81e891870127d34078faae4264','gianna01',_binary '$2b$12$2oC6buD0aUyTDoNNx0xhu.NQawsbrYTqNIrw5UuDRyJotN7deKa.W',1),('8987e2cb534250aec0026367f144c75cc49f074d05508688cebcaed07e96d95a','hudson01',_binary '$2b$12$PTd7A6WDlkv2xfqkW2Vhx.yYru6wIPE9u069Gopz1pwtBuBvqKVwm',0),('89c5bf01b4eb811a353a4514a61d576d2ed121ddfa88681edb5ab3ca9ca7a4bf','ruby01',_binary '$2b$12$IAPbc1uX4RCyKYC1dmvceeGKv6ftkLiRXLGoK6IXxM0.9EtyJQ1c.',0),('8a6de2252792ad7688a12f07a9d1d249771cd80f62bf0f3d85b719a771c44939','henry01',_binary '$2b$12$kz.WPfjQcAVhwQanjQ3lL.pxe2jH/M.K2OlgVgzKQuqVPfQGt/88C',0),('8b23fcf59546815b4d367a19cd89416e883dc0dcaa5ca39dd8d46661d5acb64c','kinsley01',_binary '$2b$12$9KywT2YOjA78J8l9mr7aNeYZhxXvZG7Ujr3SePnhlyUG.AtxKzhm2',1),('8b9da734755406adc6f063ab3eabc58f30cfb12b14db01d312c96c9214799d97','ryan01',_binary '$2b$12$d.9cfWT5DPLtRJigLEhxk.j2tDFbgd1kvGjyBySExsNKrvh.qArEe',0),('8bbb5ee63c5aa5a74e8e36cb975c07795cae3db8703254a5691c170c7226597d','isaac01',_binary '$2b$12$tZw195obcabcZW23omEgg.GRHCVwtGbrZ3gAwWlIXftt38MJJPXkG',1),('8f0bce4e346ed02ed5f7f3af9c86bc047c3057eaec949da23dd1f1166ed82f8d','paisley01',_binary '$2b$12$p1VnnpsLc1ozXgUohVVbtOwxr36iProZTfPcxKaDlGAaEJqjQbEpq',0),('9004cdfae873b55c7d98e323aaad5fdbc4a00d7cb0904524d22997f6558f94b4','abigail01',_binary '$2b$12$mkU7Lt/G.ACb7YY7wFc0quz2IlRvokWPSALv3Y2zFfbF5CeHVGl.S',0),('90a83bb1290bd989b3466e279f1fe247877579075d0223c7e9ad2104a403cb84','gabriel01',_binary '$2b$12$M9/5cUNWMh6X.ogJVBJQqOsIxbfIo3bmIiZVOfJuyo2Ge1IWge2qK',0),('9113acab70881c8cc3b69abbb0a4d5dcf36da6173025d5eae14f1d1fe930149c','sebastian01',_binary '$2b$12$fR3WtbthUVQn4ym9EPMmR.dHhdarxaW7TD6qw4PzkcAFJumX0gUGy',0),('9138bfd70a75793df514dc0f101332839c3938b2c6b6aadf139c2d94ed799176','robert01',_binary '$2b$12$F4m2RIJne2AQ0glQ3.v4LuV2xLrBUBiI4VbMc9RpaKvOazd0XCOO6',1),('9291dfa433a996fe7f2a4379a05cdd52bacee50d0b1eaca31d19dc28cf882915','carson01',_binary '$2b$12$GmbSZUe53w9zUFI3VKOcIeirzery9rYRVzLyWy7czdY1EdPv8Nv0e',0),('9330a9f42e9ba65015e8e94b07cc0baf1ce67f433af3be9e74324e7520fbfcdd','jose01',_binary '$2b$12$lEm3N4tx4.I8VLuodLoIQOHoaUN8GHfQkbe/5myVMhbMO35yslf0y',1),('936a2af386e6323395389f8eeb1e4a445ff7a2ebfea519790bd6b4cec080c471','mohamed01',_binary '$2b$12$0WwB/H9FFW7m51yJdIpwHuduak.7Ca06YK1TKREMlZ6dsz1l6s7Km',1),('95238adfad54d479b439e8c53010c7cc1c69e0875b8b95f9a9d400ea0c8cdd55','brooklyn01',_binary '$2b$12$HGqwgY9O.kgcsG8.5ZpTOOAewJ21GhWO/bkkFBiGc95TNAHRs1xoG',1),('959ad24f775a3c45ff74c93a3d306ea4c0794ffcec6810bc9c963879407bf4a5','genesis01',_binary '$2b$12$p7KaN3oMSiF22wlL6PSYI.k8PKuMYMH/GQW/V43wQ4Acm6CLQGz8q',1),('97b7c9493769cbc71f686f12f1025fb946d1dede4f5b2093b05c07cbc958d735','charles01',_binary '$2b$12$3cYNeEkpNgwvm5u3a5JJ5u8giJz.mA8xbCFPOs8dzO6Oltg0.nEFG',0),('9836fadb525e6f5105ca0a5a50fbc47ce1d014ea8c9206e04bbccc486777a43b','wyatt01',_binary '$2b$12$tm40D49GmMZlHgnAJFttxeCuX1ThuuGaL.s5lUZJo6L0EpKXzpEKy',1),('9a27e7a4c43c1c1e6848123742a5cce84022cceee94014a4a18014b9bb171f87','audrey01',_binary '$2b$12$DqgE24qcGyts5Rc1pvDyGugEdw9CdXoM4xUCOfPQjeIbWzHgtiQI2',1),('9af450378ef14492291f8684f3627912996df382eec1ad34c3f11de6095eb955','autumn01',_binary '$2b$12$HxCzoJHLHy6KTBMxUGBMUuJcqBx0e/VRzOSPmvLvDXFUcnROzt/Va',0),('9ba6d90171de772cb79614abb35553ad38c439e47469de91a518c61f5b9a19a3','nora01',_binary '$2b$12$re2aP.A7y34Y6q1Mf60toOmAD0HZFT8NSbfbvVpfs8Nbg7w44ySIa',1),('9e3dc52e05259e437a664cfedee54036285e44971be9e6754f02da7c1eb468e1','jameson01',_binary '$2b$12$/Wla6LWi5aHEs9mh8ndJ6ud7eLNgeT5T7aWZbE0ZHLDZtekP/uxn6',1),('9efe816e29fc7d2651e864d98c50c371d9dc8366d88819a7a5f63aee6df7e1c4','olivia01',_binary '$2b$12$qHg6/UC.4Jaka6dMRTw74Oeoym/H.aDFNPMCsaLGPMVvvSGeYLHra',0),('9f94018cc64e3b8789bfb85e635a337ee8cb65eb71c9a1378a2d766ffeb2565b','noah01',_binary '$2b$12$fTTauxqGwcWj/WXYwIt.YebXn8q7qKx0.vQiybHlmoaTbYIX9UtCW',1),('a0072dbeaddc55bdf90e31b59ae0b223e3988dec3b910d1ebf28ad4453239755','samantha01',_binary '$2b$12$5Q6FAPG9c326TPnJrN/uk..vLJ5N7lXw9MXqUvMSepzGD7ejM.LA.',1),('a0379bd2d4830efa4305d6e5043f639b921ad2449ec3490e73d18ee6e4e8cab5','victoria01',_binary '$2b$12$fBEedG8KVkessneJoFvZj.E3HkLbBsQDS3Yc7iI4KcVxJUMw.BK5m',1),('a473c6f94d3d41ef6497275b4c850bba600ad6c4659d7cf413e014612b6ff771','john01',_binary '$2b$12$/tMmkkOB2mXR2DKUHvg.hOJt/OlCiqzkxxRFqBhBgGvDc3vb7cMEq',0),('a715c3589e61b3a1f0e80077458e39557c8af422b3a12f8aea9717282843ce18','gabriella01',_binary '$2b$12$XLTAj6MyAnHQjn8tjuZOa.EQxT2xNT1R2rTNO6sP.FkXK8X.jij1i',0),('a76d90402e64cd3baffae183dd646fceb416eab3574d4748a06a789d68de6b34','kennedy01',_binary '$2b$12$e8hrRspe7pWZDnnBddakTOr.1BosP4.4zzo64Xd1cag62CoNa0E.q',1),('a960f0536e742ded50157ea75136ecf7dc62fc53b76f8de4ec5791e28fb8d58d','jaxon01',_binary '$2b$12$Zr5p8hB4NIaWbGFzoLMsdeaqznjqYraC4Q9AgpKxg7uuheBRIlqf2',0),('a9c7bae9db0f213d4196dbaa5115ca8dc0331b070486822048bc8f74ac074fec','joshua01',_binary '$2b$12$IaCiclGLs2dkVK6XjDZ2v.4EddjhXbfVAVTwjijdqm10yGiO5gRom',0),('aad201f59fe1c32c88a3076ab3b9c4e41f038f031c3623ba6ceea635a7fea6b5','lucas01',_binary '$2b$12$ccSalLdI.7c3BTowBKtBl.GOZoso4AttYViJ1OLQwl5YkxqMboJZC',0),('aad5e22bfc9717a9e5b3cbced9424ddf5663ef17cf8b174ab8aa6729fdf68c89','everly01',_binary '$2b$12$Kz3rHpVfXJ0U3cb1EI9I/ulo.oE69fXqK/ZfQ6bDrMTrVLL3ZOA.y',1),('abd2d5875a11f885515979b0b917c865eb942f4269962365ae35aee59def7c36','savannah01',_binary '$2b$12$yquVLxIx/8gQTD1YXVL/J.MWQhFa4Vyft7LnNtDiwwDbYSGMm7AzO',0),('acea6c98b6926e96f639f5e7bd6a82f16be9b6338eebb3c2372068a986d6932c','eleanor01',_binary '$2b$12$iDXraw8TloMNDli81gVsAegBDjCDKJo5FruwJFrsvn98.L7fNo6hq',0),('adc2042a6fd8c6dfb76ac781ab6b47c64d30066ff262bd2d837e75974fb225e1','charlotte01',_binary '$2b$12$PI2pvrwUwM2dGDTJBZueTezBea5ExyAhQNWvKeZyzcHIMYHRxaii.',0),('af9964e184d99cc74fc57153801960756055d720dea8485078422e506b5904f7','anna01',_binary '$2b$12$u5TK7j63oiuJ.SDKmLUiXeiRoi5Vtb7hTxR8YIWlpIpM3O5fnvUDO',0),('b0141376c968c092ce3174bd85381f83023b9733dd24e3a487ca84a090991582','alice01',_binary '$2b$12$AwIYGY9i.pQzuV23oziatOEywPzCN8sHr.EYSZfGQPsVQCg8Xve8y',1),('b06ff322930a89d78c1a405d1a8c4b9a8b0d3caa6e89d5dd51bb3edfb501b9c6','ayden01',_binary '$2b$12$HGqe.bQe/E5OEbSUZ75AOuaKkj4C9penuQ.dTFBjRvpSG6scOaVKu',1),('b0e2621d47b43f8ff5e16da4a0dd879edd8cd8bed02b2428a5d66f8bb32ac001','eliana01',_binary '$2b$12$u8WG0n3BiYmiOlXr27F5uuZ.sdkFbPR7Rk6iSH5fd9Mr/RQzbe9.S',0),('b2c7d4109a6b32be59174040e66f4a10d0144b97dd7febd3f8130c4f38744779','nova01',_binary '$2b$12$4fYBS6pmhTT2SNQ24KWV3eX9f8dChYYT90DUY3t4gdpCG0aaJINje',0),('b500c4b2e87bef822a1df1c48adb7d2422e96deba2140be4b30aa463d8e9db20','colton01',_binary '$2b$12$8EPNm3jUZbv8G5mo9.r/G.KJ1FQ8CAmlXf1CeZPSiabLQ7m274qnC',0),('b6cf676caf7171984abcda968ead7b37fcc80b225f2fd75d42ff2fb0ffc5b359','natalie01',_binary '$2b$12$mxfz1Xrfh7I4Jm3Nm/ddg.UmDumGyMbd14G2ax.ugmPI/ZrV0Yu3G',1),('b6e5335b729d938b4269c5ff25e631bfb98cae1a937ef2898a5125721ccb30c9','parker01',_binary '$2b$12$NSB06Ec5/VFA1uYZHVD7rOltbDFnF5prJzkeOhpadsYAE0Ls0ToJ6',0),('b94fe46a02bb7f1097ce7dc72e68269d183bde199128023049e7478ca417a148','amelia01',_binary '$2b$12$N3qFV/jnzIejqRo.whcskuADBzg4d5zcXlKmUfDqRdtIslOlK5vIS',1),('ba0611eb923ee144be234112a652287e06fa3391790cc68c39f72bc2d9977c5f','thomas01',_binary '$2b$12$0KBW0KGA0byINQr4ePndKOTt0puW4uj.FdRGvtBCny3psAm5ttFqW',0),('bb92bb1956f52baf05fe025a753cec1e64d68dd1dd67bd91258682997ce2d5b4','emma01',_binary '$2b$12$OluzfDe9AvPDDmurlsng8.D0Fmmwsmaiunu9VkTaXtq/mNXDExonK',0),('bbf980bca624c4d5e850f8604352167cb52c2f6d0aae4c0fb74be6e3aa4ab899','ariana01',_binary '$2b$12$7nXW/sM5ricjZaihO8zdeu0vsnW17KlIQQrV6Pkmgl5BY34EEQDb.',1),('bc8cd07306399fd2cc1ffa4e1dcc3a1c82c054d52232743a04ef43293298a43e','bryson01',_binary '$2b$12$/Ur51QxVs9aakS5d5Q17PufMePJTxJwMxRU9QBT3kOu2OIZ064Bde',0),('bcb1b50403093d80619cdfa37403232a3e9f69abb7e79a77adca8f2ad26c6ebe','james01',_binary '$2b$12$HsujQfbOHPgMI/E.Fe3g0ubrBlYR3lSVSMNsmmTiWJ5gCwZavN446',1),('be7c50c5bee6557a2c9a46d2526964e07ac81cd73fd18b8dc1d768b4112322d1','jack01',_binary '$2b$12$yDIIYNEVbwL7w3TCO53eouiVlnKBj1B0GJKtBrNysliTR/TpeU9la',0),('bf226f151d0e1cd5cba46e7d1fa2769489ae8a33eeef4be50f6f4a3b4568f567','andrew01',_binary '$2b$12$B4fXEpInFxcl/Sz9oInxTeNYmvNIwtl7s8DSv6XylJGAPZwW.XMNW',0),('bf65b27e8e47be94fa9cf44432a6f58d6d6492362bd7440dba1dfd200c3e6af3','peyton01',_binary '$2b$12$RRsPGHkE3ALAG.lyNkDlf.znj2P6j8Zh9vUqqe3v/eAE5b.6zBdxK',0),('bfb4e6236759425135f585e305e7d725e1d0a8c32643a2792e971191bfd81aa6','jayden01',_binary '$2b$12$IWEzuuk7hbKUEpqLatGcJefvli3mt4e9nw118jcjK9KnxsSJvcvbO',1),('c2307e0449a0b12450ee3a66c4134b13096202cb2ceda9750332e9f4ffa6c609','nicholas01',_binary '$2b$12$22oZeizTfy6uMQGvRkOlYecn5n5hj63h0SBw2Kiked4/Df.Qmhwsa',0),('c363ae7ff0cd3de504c613296bd3e2b249e1a9fb9637b6a347656b7311bf25f3','adrian01',_binary '$2b$12$sa/7etsb7Pnyj4L1GGI7B.nOC1omupziAfPfmRjs//JbAkOcsNcPq',0),('c409938e311c98e3da10901cbf82108f1ac071748587d7cd7134d2bbe4096da7','oliver01',_binary '$2b$12$HuM.ZwqPQ9xKsF.T9F/UDO4Ov5mhcr7u/XeMaU.myfYLPbDPXXgQu',0),('c5a0fcad9aafe60060dca31c56880c595b9f3689c7e92dbbb586dbec317346e9','xavier01',_binary '$2b$12$SwVxuJbuMHZD8rhhyqjTrOi9lJPDatxN3xEUpOB11P5CGegyHCFFa',1),('c620d84f7510ffc06174773a97ceb38a4d0158fdfeb11ae02de63d02c6b13b71','anthony01',_binary '$2b$12$Zx1iBG7l33MHeaWp9J1BE.Ar5p4JrI9xpiQ2luO6xqys3Nr..0gQe',0),('c72132fe53c93c2d15ed76ec286685e65344af9188ef2a13334d71e2c2651835','hazel01',_binary '$2b$12$gs070PUbQP5.yjHs6EP7heQdQaWcGw8zJn.bvas8PssacfZT.F0Am',0),('c7b7abe82c29dfa6ca7f7c9207f3861f366d1054e4614ee18611505dc68cc3e6','benjamin01',_binary '$2b$12$wYV1fSDreugBw1oRvWGWA.cp2NZhB0g2Ili42rjlrkXFBxWBx3Iju',1),('c7e49acb012e3ead4b301c48ca07d8d0ee0bed41ab4c3d118722b512f2891545','sarah01',_binary '$2b$12$NcQiptVLea6NmFmANTjthOuDMgOG0BrcXLOCl/Ctg1p2648epFv2q',1),('c88b69d966b65d76cc9a2b103e881ddf4c41802039b6c7953bbb0eae0c6971ab','scarlett01',_binary '$2b$12$o2jSnz4JjvktpfLNLJCM9.dP13.3wnYqWYvg8vaMbNjisXp7x7UV6',0),('ca1cb5968ac2823737643e8cf8bcca5d361f631315de4c6d210b68c01fcbe557','ethan01',_binary '$2b$12$omYO2hoTfRztaYv8WKAlZO.9UdmFp/WdKJ.ZBofHbtDoDYj7qxhVa',1),('cca77004f0de373181758600b1cb5c61598697bccb548166c12fb1e42523bff8','aurora01',_binary '$2b$12$oZmDM6Mw/ta6Ningo0sIS.QP1hC4Ys5RB1Cyo5w70mqi7U8wSCjyK',1),('cda8d772036e9175409bfe029f7cf45f124b1132dcbb1a3dce040611ba11e25b','jackson01',_binary '$2b$12$vhcHN1TXLHHKCSf7naqiienx2CzQLVyEb/kIQkcqwgjs2MQnXo0/W',1),('ce65162b2915cadd772091151bd535471a1175a0c13b56aab7684fe9dec9ea83','aria01',_binary '$2b$12$Ll29k3SxC61tDmIZMuMsAuDso0n0htJBRcYQENhBZ3bPf0LiP8pvK',0),('cf452bf7497c69e59ccc42f76a9424a1488c1211a532f2079386186f0023b525','quinn01',_binary '$2b$12$h4dH/5zpaLBY76EnGO4Q5.3w6SIkpDkD4SsViJit79pR7AHyRsTyy',1),('cf82e2edf5783dbe7eea7c1b2c88dc56ac2db19dcd9805168aa13bc96d41f244','claire01',_binary '$2b$12$qrrTT3GSk6yWl0cVNNVcE.CGI41gdo1kE2dZahR4zV5n1HvvvnkZi',1),('cf8cf0df3dafa5abc4d45ee541925c3843d6e06e9d697a5cb27b51aa154f555c','christopher01',_binary '$2b$12$npQIz2y.ejgKHR0osuLSq.stTzqotOjTdidSZdeK93sFk1GE4ok4C',1),('d15f1a0018a8521c340934a4f6517339ad5ede0a5b21844c4b4dff8013d9481e','julian01',_binary '$2b$12$5xgdKTvXRYrTCQIwJpGj0uNtfa0ZCCwK9/NYuikQhch9BqwZCAeCK',0),('d45460dc494678d871f2ced69e9c9126a8f6bfbf86c98ad8113ffc0a0178e55c','logan01',_binary '$2b$12$hDJyMI84z/vRZrQK5Rwvo.lZnWpyaVfpLpey7PRg47oy/.6mBV2zC',1),('d46ee0e28cc8582b630fcc51b9a74edd1b27c0a35fc92449118bb78f1e57d49a','bella01',_binary '$2b$12$IVTYONfJ9n6bstmWqbk.r.QNNWbgllTs.2fXm4gemaCw1SAr/NxaG',1),('d76bd9f786a787ebf8c3cf1ac31974ee3dd8f36b0138790a09b5909c03ab72e6','camila01',_binary '$2b$12$DOiJ1XOLThYELAAWBOUtpeOxgfkGeJkNS35niWLexcjpdyD6E9zWi',1),('d8bcc74fe9d92487969400e6a4a956515813c915fca46bbc55167c4173355803','harper01',_binary '$2b$12$b89ay90UUdwCB5GaKgBXHOAdNiYpxnA6QDf9M7vaOtmst.Lc8wFdu',1),('dc9121cacafba5641e67035829ee7ea49641172b679e50f9ea4ceb305fca9eb4','easton01',_binary '$2b$12$DSIdSf8s0hgLt/MOXqi2yOng/0nouJsVEqCZdg/mhydcqnaoR8S22',1),('e39c761100f18f57d65cfd160a92a32c4a278d4dacd1502512a3ba14e486c65a','evelyn01',_binary '$2b$12$b66IKAPYOSHNPermNAFEc.z3P44X0ek0kTSGxaB6gVf4KyPIA5bEW',1),('e736b09b1454c08f24b9b7bcb1f95ad95f171e7e845a318b8397a2fd7fc56d2d','luna01',_binary '$2b$12$1HtZ2sOBVNUZ/doBSBDrQO77E4C4/CG1XN3zdCnv1ssk9KkHRjouS',1),('e73aea004b37f7146a030d14a2521955d02a23f840bd7df8965251f92196cf43','adeline01',_binary '$2b$12$CxKTpwpJJ81X/OjDwI5cl.Yv8T9Z6y95qY1kofrrS9rV7VuHOs6m6',0),('e7902fdf9e542b777a9cdba9d336adad6419077f5889ebf9729e493d5ebed453','christian01',_binary '$2b$12$HTWXD1Jmq2WHF/s2eHomwuzP11IZWwr6.8urr4LcEuXPGitTSI0K.',0),('e794070777e31f7ca27af7a32ea4fddcbb1f532e3f3ba4760af44b0f64def2bc','joseph01',_binary '$2b$12$X/mYCfDJ5TO05GdNp2O93OlyOQ2HN7PKuOT9h2mhqCwt/.lMXuONW',0),('e81ae9d30d2ff77d59b6302089bbc7be780fc6d41a2d58652ee146adb04f92ac','jeremiah01',_binary '$2b$12$3SRHGvsqnMOVq/zvmjaMquLfEVAyq9qTDesYE.4KCbOQh2w8yc0bK',0),('e85086c3d2d877c124fbf4f7d23a2d782b74034619e4f2c9c844e88954155427','grayson01',_binary '$2b$12$zgpKp.eVTpirG9rq4hC.ROJWndWBLl7BrVhw8QtjWvIUrhB.0F25K',0),('e92bfc107271c64665fbdb8e7749f6d41e6df733f8c5c8184efea464fcdc6994','isaiah01',_binary '$2b$12$a0U.S1L4OJc7tIcGdgNK0.mXMbidWUjjpfCT2fVLkof4Mg6Epw4n6',1),('ec18511c9a715787c16fd4e53d03c3c0507d6ec3117cca3df96435507ac7e7e6','allison01',_binary '$2b$12$udZzG/zAO/Pj0T52ePg4cu/c9bfqqtRFoPil8lz/uT5Z7DLN9XcTy',1),('ed6869e82f76baa065a76b5245ecc51ad8fc4513b33dea86e6bd3f5423949487','landon01',_binary '$2b$12$96ZCljooyy0QxBVcxgjAy.qZHpy34xmbq7.RWygo/X57t8V9juqsq',0),('eda582cc8155b147b735cfc4c86dd7fdacb886ed661c0dbd5f3b6cc6eeb5db12','alexa01',_binary '$2b$12$66ortl.8QlhilOsl7T8LouwQcgo4EvWPdFG8baIH2gvH5v4bt8ciy',1),('ee48ad411ac6ce8fea36ac05212800b9aac8cab2311901fbfc383210cab61bb7','vivian01',_binary '$2b$12$.Irj4Uu0Vtg766iv5EJLke62WW8VVU.sPUsV8e03a7WfEvFh1bZy6',0),('eed0a70ca50ce08e7cbab5cce5d2d599638ffb67e49d3a29422a6628d43f55fa','jace01',_binary '$2b$12$CCFAIkYcqFaYI75eFhY9auxwkiSrL/ChbrUF74ymwLNut9T3TyqnW',1),('ef096608ed7257968e92df2e4ba491c04ec4971917fc99001965d91db892bca3','kaylee01',_binary '$2b$12$jRlpqH7mZMeeskFGG9qey.mEVDnhBjseBz/niedkmrrWoHjNdmriO',0),('ef32eab2e00272d93cb409c589ae958f6dc373222ae19a6a6107fe7a2cc7253c','chloe01',_binary '$2b$12$DY/JAWT2PBx8NajpDj2BXuFMHCQl58JWv9QSBxtanipVGLlvNnzmW',1),('f060e6905b0b0c383a79bae16d5fe768511268c33bb2a55079165f38bce828ba','david01',_binary '$2b$12$YzZ/jHwUZMNcRTLlGlJ7zekVx4Hpe2hnc5Y/LiBCdDN4urL7HyGQK',0),('f1fe694b3e3cc187cb667ccd3dafe478dfde95961a96aef3327ed4dfcad541b8','ezra01',_binary '$2b$12$4ikVaKPzKpPYtuLGholSAusjFNgzjTzRmUy5nTgJ3IhsUK/3.Ndwq',0),('f253d9a3225879f98c5a1ee97d3a5f7ac65e26310ac1992632ef64f0c0e5e711','naomi01',_binary '$2b$12$g0utihR2Yaz8LWFe/HOJ7OFt2cX5xLIwnfnCmyM7UfG/8rYN8KSXa',0),('f2d5c9ae3ee68da5f36ff0dc9a6460a5df04f18e616920e766cbe2c4d98fbef2','hunter01',_binary '$2b$12$OUyxrR9iiozR2cVSRfbVn./9.3pb1N942zLwKXiZre2RrEMB22zF2',1),('f4e4d59db23cabe6ab9540a5791448f2d41b64692b0d41ab409317c6c26f3455','ellie01',_binary '$2b$12$jsh9qkzPYtIIxtD.VQ/jMu7Ibpt4y.u8r.vYjN/WclEc597V1m14i',0),('f52196bc7e75a1b75dddfb0b67323e16e698a3f2a66f7d4cdd8a9763a5ed5029','piper01',_binary '$2b$12$PMFOSC0wCvhHtjNVnSqMv.xGHDbZNuyij1V2vYfdzVfP0RbEe7wjS',0),('f8241c2c4dbd06af8b87b004d2267ea891605dc6b4a56a39f33fe7335bcbdce0','eva01',_binary '$2b$12$uTpY73YdCp1uDglsdPWBFOchc9kev2TXtZt9/Qe537JM6/1vvnONO',1),('f84f4d7790502f458d08e1cdc136134760b47af2dfcb9d01f2cdf28a61123bcd','addison01',_binary '$2b$12$QM8OHtevvvIinrGgPZvjNu9uT2KJc71y0MUFG/Nx1h4RiaRO8FY1G',0),('fd94d3cc6ec169ac7c01b98c97976c00700d828a2cc3c9bfc595b5ca3dd1ca6c','liam01',_binary '$2b$12$lmxXQe5jDMFQx1FUXUXYk.7TBckqWmmaHmIgb913SSr6/AAHCGQXm',0);
/*!40000 ALTER TABLE `tbl_account` ENABLE KEYS */;
UNLOCK TABLES;

--
-- Table structure for table `tbl_attempt`
--

DROP TABLE IF EXISTS `tbl_attempt`;
/*!40101 SET @saved_cs_client     = @@character_set_client */;
 SET character_set_client = utf8mb4 ;
CREATE TABLE `tbl_attempt` (
  `last_attempt` bigint(20) DEFAULT NULL,
  `attempts_made` int(11) DEFAULT '0',
  `ampt_id` varchar(64) NOT NULL,
  PRIMARY KEY (`ampt_id`),
  CONSTRAINT `tbl_attempt_ibfk_1` FOREIGN KEY (`ampt_id`) REFERENCES `tbl_account` (`user_id`)
) ENGINE=InnoDB DEFAULT CHARSET=utf8mb4 COLLATE=utf8mb4_0900_ai_ci;
/*!40101 SET character_set_client = @saved_cs_client */;

--
-- Dumping data for table `tbl_attempt`
--

LOCK TABLES `tbl_attempt` WRITE;
/*!40000 ALTER TABLE `tbl_attempt` DISABLE KEYS */;
INSERT INTO `tbl_attempt` VALUES (1554869626,0,'02316ee5e6e1be04fcc971b48b9fa484ca5bc2bc8de22ba83c8d16eb1600a61d'),(1554870066,0,'030091e88a0cc63dc571c7bbce91e789087a4c3f3d48be90acbf2e5ee8854547'),(1554870076,0,'0363dc9e22174e621dab53b635a6b206de02dc21875e05d63575584c27e782c4'),(1554870077,0,'048bf3a859388f7f149abf843f0e1bacd391e4a61d452d7099c819ff8989e192'),(1554869933,0,'04e00b20a08acb9ad06b60bb9061777c427964f826cd0eba0c2954fa3115954b'),(1554870101,0,'04f01a152bdb6850fb8bc1e1384c36e10e35b280478076fa4e1d8cc60115612d'),(1554869990,0,'05fbe02c6196bf6ed72e0d8820e54450fb78ca2efa889fe250ea614432bead1d'),(1554870019,0,'06e485ac2fc8631448a45414926de4ce9b90abfd4a36a754176f650f95252f2a'),(1554869637,0,'07d55acbc76696fc678f9e56e0f9dcb16bc9bbb2c6964b74b3c671bc4cf7a780'),(1554870097,0,'08586c78f9d66de29bd195e7602d11799ef4f366922ba47645d3e1a4e825e75b'),(1554869931,0,'09f9657d3a9cf4f69594a85d6fa2a854ac567f5584c8e3ebb0bd7b341bff0b71'),(1554870061,0,'0dd7b3c5624261aff58f08da5dc9887ed3eb6861cf589dce1dfb02fbd4c185a4'),(1554870110,0,'0e656875883145d12d6d6a2c6f88e12ef87e2571361dec518b3023f1cef71f8e'),(1554870000,0,'0f878c29f3f093ffeb163e57339f20baa25a41325d9363aa8e16f8d8fb239255'),(1554870015,0,'11a1c2f052a8b12ad6254fdf90cc0cbe20339aa438d8b5cce903f4c8e638b930'),(1554869948,0,'12444da10c343dcc4c3b7804587e0b77024b556bf0abbf5bcda5864ddf7d6365'),(1554869959,0,'1245b10b26c4b009673fd5366866ef4617b525b5ab0139e76773780f96dd4acb'),(1554870100,0,'12c04afdf800e0f4a8e91ffd98cb31c1f10ecbe2bbc116507abb932ef8ed30df'),(1554869943,0,'13972ea6494fe7f8f25a61f0b4d02d0ffaaf8b9dac06f4acd6a30afcc154d3a6'),(1554870098,0,'148a00f524c3ecc947c684391f7511c627df1ffa0844054446ba6ecff59b6067'),(1554869952,0,'156591957ee5c776bdbc063aa9aec3848ba7748d5b3676685c950fb77510b8d9'),(1554870064,0,'19e0db0c7c6c80b9678255d6d7577c88319b315c241b3e03d7f3739c50246ac0'),(1554869987,0,'1a2d47679f23e4a41117348e61aca30d39b5eda062866ad08093477842c4df75'),(1554869997,0,'1d67572c50583c753cf2d75f790e97e061f58dab35e43f633ffcc9ad112a8f03'),(1554869954,0,'1f084480414f47253fc2ea05d8a04204a755c9246119be591239f444954e1704'),(1554869980,0,'1f7d34c12eb1b713027ee818841fc85001ead1d00ad1f1693b42279ac903e17a'),(1554869928,0,'21702b2776b554fc4f9099733118ccf1bd2fd7c7b04c709bd5b0e57a984dd252'),(1554869961,0,'22902ea28c4df60f07c3723d8e2d0e7adf282f1585f08bc11b3b8e94a8136a73'),(1554869964,0,'22c9f6718e05b7fffa8f6c2057edf02a75e508f7a4fe024c20ff4768a446dfef'),(1554870007,0,'22d4e4d346da1d492fa6d92233d6ead1683d7563806ed272829f2745b056558c'),(1554869962,0,'23f064b6299ac0adbbe211f17c3a9917be28f0480c2c11c620d4cbfe1eaa31ac'),(1554869957,0,'26471a8032648912fdf1573775776411195929eb71b7b49060e2eaea14377340'),(1554869977,0,'27afc2042e75f48eb24cad44fb357e8980640e701801de1b9615129e3fdecd3e'),(1554870047,0,'27df550802e31fb4736cf898d561c7e8eb14bcf2815e85f02ed3baba672a3c83'),(1554869650,0,'2c06c0c240dbb223279219b96eea048efafd792482992ffc9cd76207bb85e1a3'),(1554870060,0,'2d6145b348b4c2a4c52a101f213a6a546698250ce445be727de5bc11756b8b07'),(1554869932,0,'2ecddbec0174b392b95a66934818eb81f066468ce04f8abd0bddef26e785f128'),(1554869995,0,'310fe49ad826ca52e350e09b590f03c05020e91ed34a01c3c7e92fb6581c43ce'),(1554870057,0,'31e105da1933fd6e1fbb48504ddcc4f696ec2545086abac053defd8c6f756e8a'),(1554869978,0,'327b568e7a94630c8e829ad612879a2726d967d372a6413039e1f53d37a1ad79'),(1554869630,0,'34b417cc2f1d281834f8ae013f663e88b184635cf449c7f5a3c2231caa7da43d'),(1554869936,0,'34d5cb3533f297866f2f39b4f70163402693f053ece961081dc6be71d5b7b06e'),(1554870083,0,'350cfa73485556dfa475ae4045e27553890c18c02265093be9a6b9e6a15df183'),(1554870115,0,'35f70ddd14f9b4aed92204cfae7b606286c8efcc51b18836a99d9cf5a24a7bf4'),(1554869979,0,'3621dc0344e9d7e0b092b7326757980713bab14ab31a0b04dc7ac4e9bf38c61a'),(1554869956,0,'36ac840d51fb8613cc3f21190de58f0def28654ed6c0f2c828fa9de09bf50698'),(1554870003,0,'37c066b86e7a075323d94ce2805b91062074791b346e8dcc9cfbbc8f960f61aa'),(1554870045,0,'3842a76424f691afefeffe128816ac5f62964b57baf7b1c182408af6f458052a'),(1554869950,0,'387743a90826b70ceefd526e131f0d96d33f1c0f859b11eb5e91f1d80322bd96'),(1554869657,0,'3c0b6ca81bf733b2edd774fcc3ec9471a43ff5a28377f5ce38b3f826b00275a5'),(1554870005,0,'3c126655170cb928b4dce4a4d249e88b4fa749ca2227f194d508db4c04ba9568'),(1554870055,0,'3d120dd42aed74c54e8caa7e9241fffd7e851996c24698f5918b836f611cbcda'),(1554870073,0,'3e86f08520a13b09a849526d23ee83b470871f512aff2b6e5566cd9e2217d48f'),(1554869958,0,'3ee8913b773938a8cc2fd80a1ce826f59f973f291b4b3d7a1e156d5d69d634a9'),(1554869992,0,'3f9d2722678ec33749038901278ecf5ede09bdde5ce9b9e59fe57801432081c5'),(1554870094,0,'4112d0a9689ce8312f778bfaf254bf7d0d649e1c438c8d5ced816ac46d082864'),(1554869955,0,'4146317baad705d7f72266cdfd1a54c8b90a22fab597615a8cc5b22a506c7e68'),(1554870050,0,'46074bfccbb19cea36026d7a94c8aa9ed88836048d65af127c8d49ca09f3138b'),(1554869934,0,'466bd2f1bd69da7b81b462297e15cde1315fff328a668a09b0155bdb1e00dd11'),(1554870091,0,'47c77c35fc292f77ec64566c9327583670283a6384e04ad2b18d0cd65528514a'),(1554869640,0,'4c59ebbcf501cc0af1fdccc68dc553cee5ecc0dca39c1cb7a243784527d8bd3f'),(1554870013,0,'4df1128ae82ef1c76c87488ddefc83e474723e7d6a44771b8b5a89573a4d28b3'),(1554870069,0,'4e8ca4e8f61d32b71c6e931144f1838ba40d3e800d5c5d7da490666a3e22312f'),(1554870096,0,'513d840e2075ee2c6d342bc08bf48b57529c81bb3062c105771f4fcbef4247d6'),(1554870092,0,'518e8e21587bbcf1cc887ad18fd6f73c040c3e0e9361e3290f49311d6f877b53'),(1554870111,0,'51d33e5640c9a02c501d7186061d02708b0013402346f234634a12ea702fe254'),(1554869625,0,'52470c1b3e8c8f4b749c2861d33c2e0bed8fc84079a61f3499bd21f04365f499'),(1554870020,0,'5307fb2ae220459e8461153b45983ecce4208b871307a2005d354f54fdf355ae'),(1554870067,0,'53df8c483f4b615ed2b426f5420afb0830d10b8bebb90c5d276d1d448b8b358c'),(1554869942,0,'551b0a59d82c0ff1054bdf60e07f1179e67bdde67c6597fbdf4e230067243d9c'),(1554870034,0,'551dde065ff6aaf79ec49be2d352b6a8fde996d1db6c4a7008df899aed545a85'),(1554869634,0,'564d0a648165773fef8063fd440bfc2ab5cdc18ea5c5cef4636ee369c4524d0c'),(1554870113,0,'56a3bced2295ef6a7289a251cbec869ba558c2f1219453c4a1164bae6bda4ba0'),(1554870054,0,'582d0bb97603d7422ac780b12020707a317ad81f040acf51aa48730b2e278136'),(1554869643,0,'5acbed79fadbe7d67d2cfa8096412e1f5c00b78ca6bb24bb482d19300ab78c84'),(1554870044,0,'5b66f1a90d4bda5d6d25b73bedec72b40cebf1810e100d8e4e384117e0a08694'),(1554870074,0,'5bfbef2b6ccf6d16385917e45b152cea9e472fde680cc85b7bee37fcd0f21f35'),(1554870104,0,'613d433c13181505deac3ff9ff3a12a65019292ddd74ba886e6116655e36ca6f'),(1554870024,0,'64ed6306510d64aa331f5f28e5b62f10101e0d67bc725cec147e666a181be983'),(1554870032,0,'6596712c30e45e9ef0007edd9e40ae9dfbb9ac010698fc0aefb40dc137379446'),(1554869933,0,'6c05c3fcb2779f39f81c152d1849048e71b09a7505752bf982916a4c0b04e480'),(1554869935,0,'6c86c17d058e52a59ad7ade2ffa0c3ca1dc2739751d1349ba3bb1db785bc9f3a'),(1554869976,0,'6cdc1747384272343a2ccda4b870cf7fa5ccc309d260274285089c62ac596b6f'),(1554870049,0,'6e6ba9032c9d47253714c503979d6e3aec9030d64f84435c5d23e5052a9aecfd'),(1554870082,0,'6fc9e3c7a0433b2b4066f4f7d294055d9ec6c2e95705ad287c3d6729bf335ed3'),(1554870062,0,'73bf28ec7a5301f650f6918c6301f7c3f238b2dde88670d2846d07b834ee90dc'),(1554870105,0,'74d6b068b0e2bc6a3892dbe70aec345ca37cca848cd000b99c429c999fe921bd'),(1554870071,0,'74e1867660283c14683a8127b445481271f1dec39a8f72ec0ecca8d8c9a93d68'),(1554870018,0,'76fd48500c7a70e30d9fbd9d47033034c67012d271f62d3cdf82b4d2af0beeee'),(1554870080,0,'77e916ea826c2a388dfd6a1646072dad5dc2af55baf6d201c68f11ae76d106e0'),(1554870010,0,'7ac8f50da9d2a0e6d98f479dba7360d4afcd71e7d1b666689e8ea0dd7b3844d0'),(1554869929,0,'7b21ba695ceb9473ebda6c5f1b65df98ad9c2862a71e6db7ad6debba7e79f65e'),(1554870099,0,'7b6e39f7097966606d5500fc6625e4b02aea7c1c8fc0e75cf68c3e9c1d524e19'),(1554870006,0,'7c0f9a45e0f2089acaa3fb9a32371944f803b12b775ca0f486069785e6ef8b4c'),(1554870106,0,'7dc0b32ffda752e80837d07d1fe728d252449aa968179e6c4167aa2b810cf559'),(1554869985,0,'7dfdde90231f09ec1ac2c3cdfbfcf4c5b57f0d514aa90ae378a3f5578199d369'),(1554870052,0,'80d7cbcc0890b7a2cb43923d601246fa14866ae9e8239192ccefd6457c3e5fb8'),(1554869970,0,'861eda0e37d835e05fce5d98d3e6aee8a1d2c9d8981a7c2f4f84441f15a00aab'),(1554869948,0,'864a1ad87af6ff6f3d144be7778a4b46b5fa6f5868afff4f22a0b31d4b9dec09'),(1554870093,0,'888a925371182c13bb6cd087c0d32cdfa1842f81e891870127d34078faae4264'),(1554870025,0,'8987e2cb534250aec0026367f144c75cc49f074d05508688cebcaed07e96d95a'),(1554870065,0,'89c5bf01b4eb811a353a4514a61d576d2ed121ddfa88681edb5ab3ca9ca7a4bf'),(1554869937,0,'8a6de2252792ad7688a12f07a9d1d249771cd80f62bf0f3d85b719a771c44939'),(1554870014,0,'8b23fcf59546815b4d367a19cd89416e883dc0dcaa5ca39dd8d46661d5acb64c'),(1554869981,0,'8b9da734755406adc6f063ab3eabc58f30cfb12b14db01d312c96c9214799d97'),(1554869963,0,'8bbb5ee63c5aa5a74e8e36cb975c07795cae3db8703254a5691c170c7226597d'),(1554869986,0,'8f0bce4e346ed02ed5f7f3af9c86bc047c3057eaec949da23dd1f1166ed82f8d'),(1554869651,0,'9004cdfae873b55c7d98e323aaad5fdbc4a00d7cb0904524d22997f6558f94b4'),(1554869960,0,'90a83bb1290bd989b3466e279f1fe247877579075d0223c7e9ad2104a403cb84'),(1554869944,0,'9113acab70881c8cc3b69abbb0a4d5dcf36da6173025d5eae14f1d1fe930149c'),(1554870028,0,'9138bfd70a75793df514dc0f101332839c3938b2c6b6aadf139c2d94ed799176'),(1554870072,0,'9291dfa433a996fe7f2a4379a05cdd52bacee50d0b1eaca31d19dc28cf882915'),(1554870068,0,'9330a9f42e9ba65015e8e94b07cc0baf1ce67f433af3be9e74324e7520fbfcdd'),(1554869616,0,'936a2af386e6323395389f8eeb1e4a445ff7a2ebfea519790bd6b4cec080c471'),(1554869975,0,'95238adfad54d479b439e8c53010c7cc1c69e0875b8b95f9a9d400ea0c8cdd55'),(1554870008,0,'959ad24f775a3c45ff74c93a3d306ea4c0794ffcec6810bc9c963879407bf4a5'),(1554869994,0,'97b7c9493769cbc71f686f12f1025fb946d1dede4f5b2093b05c07cbc958d735'),(1554869949,0,'9836fadb525e6f5105ca0a5a50fbc47ce1d014ea8c9206e04bbccc486777a43b'),(1554869988,0,'9a27e7a4c43c1c1e6848123742a5cce84022cceee94014a4a18014b9bb171f87'),(1554870056,0,'9af450378ef14492291f8684f3627912996df382eec1ad34c3f11de6095eb955'),(1554869956,0,'9ba6d90171de772cb79614abb35553ad38c439e47469de91a518c61f5b9a19a3'),(1554870114,0,'9e3dc52e05259e437a664cfedee54036285e44971be9e6754f02da7c1eb468e1'),(1554869622,0,'9efe816e29fc7d2651e864d98c50c371d9dc8366d88819a7a5f63aee6df7e1c4'),(1554869620,0,'9f94018cc64e3b8789bfb85e635a337ee8cb65eb71c9a1378a2d766ffeb2565b'),(1554870004,0,'a0072dbeaddc55bdf90e31b59ae0b223e3988dec3b910d1ebf28ad4453239755'),(1554869940,0,'a0379bd2d4830efa4305d6e5043f639b921ad2449ec3490e73d18ee6e4e8cab5'),(1554869953,0,'a473c6f94d3d41ef6497275b4c850bba600ad6c4659d7cf413e014612b6ff771'),(1554870036,0,'a715c3589e61b3a1f0e80077458e39557c8af422b3a12f8aea9717282843ce18'),(1554870012,0,'a76d90402e64cd3baffae183dd646fceb416eab3574d4748a06a789d68de6b34'),(1554869983,0,'a960f0536e742ded50157ea75136ecf7dc62fc53b76f8de4ec5791e28fb8d58d'),(1554869974,0,'a9c7bae9db0f213d4196dbaa5115ca8dc0331b070486822048bc8f74ac074fec'),(1554869654,0,'aad201f59fe1c32c88a3076ab3b9c4e41f038f031c3623ba6ceea635a7fea6b5'),(1554870071,0,'aad5e22bfc9717a9e5b3cbced9424ddf5663ef17cf8b174ab8aa6729fdf68c89'),(1554869973,0,'abd2d5875a11f885515979b0b917c865eb942f4269962365ae35aee59def7c36'),(1554869967,0,'acea6c98b6926e96f639f5e7bd6a82f16be9b6338eebb3c2372068a986d6932c'),(1554869641,0,'adc2042a6fd8c6dfb76ac781ab6b47c64d30066ff262bd2d837e75974fb225e1'),(1554870002,0,'af9964e184d99cc74fc57153801960756055d720dea8485078422e506b5904f7'),(1554870042,0,'b0141376c968c092ce3174bd85381f83023b9733dd24e3a487ca84a090991582'),(1554870112,0,'b06ff322930a89d78c1a405d1a8c4b9a8b0d3caa6e89d5dd51bb3edfb501b9c6'),(1554870084,0,'b0e2621d47b43f8ff5e16da4a0dd879edd8cd8bed02b2428a5d66f8bb32ac001'),(1554870102,0,'b2c7d4109a6b32be59174040e66f4a10d0144b97dd7febd3f8130c4f38744779'),(1554870040,0,'b500c4b2e87bef822a1df1c48adb7d2422e96deba2140be4b30aa463d8e9db20'),(1554869969,0,'b6cf676caf7171984abcda968ead7b37fcc80b225f2fd75d42ff2fb0ffc5b359'),(1554870089,0,'b6e5335b729d938b4269c5ff25e631bfb98cae1a937ef2898a5125721ccb30c9'),(1554869644,0,'b94fe46a02bb7f1097ce7dc72e68269d183bde199128023049e7478ca417a148'),(1554869991,0,'ba0611eb923ee144be234112a652287e06fa3391790cc68c39f72bc2d9977c5f'),(1554869619,0,'bb92bb1956f52baf05fe025a753cec1e64d68dd1dd67bd91258682997ce2d5b4'),(1554870031,0,'bbf980bca624c4d5e850f8604352167cb52c2f6d0aae4c0fb74be6e3aa4ab899'),(1554870078,0,'bc8cd07306399fd2cc1ffa4e1dcc3a1c82c054d52232743a04ef43293298a43e'),(1554869627,0,'bcb1b50403093d80619cdfa37403232a3e9f69abb7e79a77adca8f2ad26c6ebe'),(1554869967,0,'be7c50c5bee6557a2c9a46d2526964e07ac81cd73fd18b8dc1d768b4112322d1'),(1554869975,0,'bf226f151d0e1cd5cba46e7d1fa2769489ae8a33eeef4be50f6f4a3b4568f567'),(1554870087,0,'bf65b27e8e47be94fa9cf44432a6f58d6d6492362bd7440dba1dfd200c3e6af3'),(1554869951,0,'bfb4e6236759425135f585e305e7d725e1d0a8c32643a2792e971191bfd81aa6'),(1554870035,0,'c2307e0449a0b12450ee3a66c4134b13096202cb2ceda9750332e9f4ffa6c609'),(1554870011,0,'c363ae7ff0cd3de504c613296bd3e2b249e1a9fb9637b6a347656b7311bf25f3'),(1554869646,0,'c409938e311c98e3da10901cbf82108f1ac071748587d7cd7134d2bbe4096da7'),(1554870085,0,'c5a0fcad9aafe60060dca31c56880c595b9f3689c7e92dbbb586dbec317346e9'),(1554869962,0,'c620d84f7510ffc06174773a97ceb38a4d0158fdfeb11ae02de63d02c6b13b71'),(1554869982,0,'c72132fe53c93c2d15ed76ec286685e65344af9188ef2a13334d71e2c2651835'),(1554869636,0,'c7b7abe82c29dfa6ca7f7c9207f3861f366d1054e4614ee18611505dc68cc3e6'),(1554870021,0,'c7e49acb012e3ead4b301c48ca07d8d0ee0bed41ab4c3d118722b512f2891545'),(1554869938,0,'c88b69d966b65d76cc9a2b103e881ddf4c41802039b6c7953bbb0eae0c6971ab'),(1554869930,0,'ca1cb5968ac2823737643e8cf8bcca5d361f631315de4c6d210b68c01fcbe557'),(1554869998,0,'cca77004f0de373181758600b1cb5c61598697bccb548166c12fb1e42523bff8'),(1554869941,0,'cda8d772036e9175409bfe029f7cf45f124b1132dcbb1a3dce040611ba11e25b'),(1554869942,0,'ce65162b2915cadd772091151bd535471a1175a0c13b56aab7684fe9dec9ea83'),(1554870058,0,'cf452bf7497c69e59ccc42f76a9424a1488c1211a532f2079386186f0023b525'),(1554869994,0,'cf82e2edf5783dbe7eea7c1b2c88dc56ac2db19dcd9805168aa13bc96d41f244'),(1554869972,0,'cf8cf0df3dafa5abc4d45ee541925c3843d6e06e9d697a5cb27b51aa154f555c'),(1554869968,0,'d15f1a0018a8521c340934a4f6517339ad5ede0a5b21844c4b4dff8013d9481e'),(1554869633,0,'d45460dc494678d871f2ced69e9c9126a8f6bfbf86c98ad8113ffc0a0178e55c'),(1554869996,0,'d46ee0e28cc8582b630fcc51b9a74edd1b27c0a35fc92449118bb78f1e57d49a'),(1554869947,0,'d76bd9f786a787ebf8c3cf1ac31974ee3dd8f36b0138790a09b5909c03ab72e6'),(1554869656,0,'d8bcc74fe9d92487969400e6a4a956515813c915fca46bbc55167c4173355803'),(1554870030,0,'dc9121cacafba5641e67035829ee7ea49641172b679e50f9ea4ceb305fca9eb4'),(1554869647,0,'e39c761100f18f57d65cfd160a92a32c4a278d4dacd1502512a3ba14e486c65a'),(1554869971,0,'e736b09b1454c08f24b9b7bcb1f95ad95f171e7e845a318b8397a2fd7fc56d2d'),(1554870026,0,'e73aea004b37f7146a030d14a2521955d02a23f840bd7df8965251f92196cf43'),(1554869999,0,'e7902fdf9e542b777a9cdba9d336adad6419077f5889ebf9729e493d5ebed453'),(1554869939,0,'e794070777e31f7ca27af7a32ea4fddcbb1f532e3f3ba4760af44b0f64def2bc'),(1554870023,0,'e81ae9d30d2ff77d59b6302089bbc7be780fc6d41a2d58652ee146adb04f92ac'),(1554869965,0,'e85086c3d2d877c124fbf4f7d23a2d782b74034619e4f2c9c844e88954155427'),(1554869989,0,'e92bfc107271c64665fbdb8e7749f6d41e6df733f8c5c8184efea464fcdc6994'),(1554870017,0,'ec18511c9a715787c16fd4e53d03c3c0507d6ec3117cca3df96435507ac7e7e6'),(1554870009,0,'ed6869e82f76baa065a76b5245ecc51ad8fc4513b33dea86e6bd3f5423949487'),(1554870029,0,'eda582cc8155b147b735cfc4c86dd7fdacb886ed661c0dbd5f3b6cc6eeb5db12'),(1554870107,0,'ee48ad411ac6ce8fea36ac05212800b9aac8cab2311901fbfc383210cab61bb7'),(1554870081,0,'eed0a70ca50ce08e7cbab5cce5d2d599638ffb67e49d3a29422a6628d43f55fa'),(1554870075,0,'ef096608ed7257968e92df2e4ba491c04ec4971917fc99001965d91db892bca3'),(1554869945,0,'ef32eab2e00272d93cb409c589ae958f6dc373222ae19a6a6107fe7a2cc7253c'),(1554869946,0,'f060e6905b0b0c383a79bae16d5fe768511268c33bb2a55079165f38bce828ba'),(1554870037,0,'f1fe694b3e3cc187cb667ccd3dafe478dfde95961a96aef3327ed4dfcad541b8'),(1554870039,0,'f253d9a3225879f98c5a1ee97d3a5f7ac65e26310ac1992632ef64f0c0e5e711'),(1554870001,0,'f2d5c9ae3ee68da5f36ff0dc9a6460a5df04f18e616920e766cbe2c4d98fbef2'),(1554869984,0,'f4e4d59db23cabe6ab9540a5791448f2d41b64692b0d41ab409317c6c26f3455'),(1554870063,0,'f52196bc7e75a1b75dddfb0b67323e16e698a3f2a66f7d4cdd8a9763a5ed5029'),(1554870051,0,'f8241c2c4dbd06af8b87b004d2267ea891605dc6b4a56a39f33fe7335bcbdce0'),(1554869966,0,'f84f4d7790502f458d08e1cdc136134760b47af2dfcb9d01f2cdf28a61123bcd'),(1554869617,0,'fd94d3cc6ec169ac7c01b98c97976c00700d828a2cc3c9bfc595b5ca3dd1ca6c');
/*!40000 ALTER TABLE `tbl_attempt` ENABLE KEYS */;
UNLOCK TABLES;

--
-- Table structure for table `tbl_car`
--

DROP TABLE IF EXISTS `tbl_car`;
/*!40101 SET @saved_cs_client     = @@character_set_client */;
 SET character_set_client = utf8mb4 ;
CREATE TABLE `tbl_car` (
  `car_id` int(11) NOT NULL AUTO_INCREMENT,
  `driver_id` varchar(64) DEFAULT NULL,
  PRIMARY KEY (`car_id`),
  KEY `driver_id` (`driver_id`),
  CONSTRAINT `tbl_car_ibfk_1` FOREIGN KEY (`driver_id`) REFERENCES `tbl_driver` (`driver_id`)
) ENGINE=InnoDB DEFAULT CHARSET=utf8mb4 COLLATE=utf8mb4_0900_ai_ci;
/*!40101 SET character_set_client = @saved_cs_client */;

--
-- Dumping data for table `tbl_car`
--

LOCK TABLES `tbl_car` WRITE;
/*!40000 ALTER TABLE `tbl_car` DISABLE KEYS */;
/*!40000 ALTER TABLE `tbl_car` ENABLE KEYS */;
UNLOCK TABLES;

--
-- Table structure for table `tbl_dispatcher`
--

DROP TABLE IF EXISTS `tbl_dispatcher`;
/*!40101 SET @saved_cs_client     = @@character_set_client */;
 SET character_set_client = utf8mb4 ;
CREATE TABLE `tbl_dispatcher` (
  `name` varchar(32) DEFAULT NULL,
  `dispatcher_id` varchar(64) NOT NULL,
  PRIMARY KEY (`dispatcher_id`),
  CONSTRAINT `tbl_dispatcher_ibfk_1` FOREIGN KEY (`dispatcher_id`) REFERENCES `tbl_account` (`user_id`)
) ENGINE=InnoDB DEFAULT CHARSET=utf8mb4 COLLATE=utf8mb4_0900_ai_ci;
/*!40101 SET character_set_client = @saved_cs_client */;

--
-- Dumping data for table `tbl_dispatcher`
--

LOCK TABLES `tbl_dispatcher` WRITE;
/*!40000 ALTER TABLE `tbl_dispatcher` DISABLE KEYS */;
INSERT INTO `tbl_dispatcher` VALUES ('Maverick','0363dc9e22174e621dab53b635a6b206de02dc21875e05d63575584c27e782c4'),('Matthew','04e00b20a08acb9ad06b60bb9061777c427964f826cd0eba0c2954fa3115954b'),('Skylar','05fbe02c6196bf6ed72e0d8820e54450fb78ca2efa889fe250ea614432bead1d'),('Avery','09f9657d3a9cf4f69594a85d6fa2a854ac567f5584c8e3ebb0bd7b341bff0b71'),('Kayden','0e656875883145d12d6d6a2c6f88e12ef87e2571361dec518b3023f1cef71f8e'),('Mila','1245b10b26c4b009673fd5366866ef4617b525b5ab0139e76773780f96dd4acb'),('Layla','156591957ee5c776bdbc063aa9aec3848ba7748d5b3676685c950fb77510b8d9'),('Jaxson','19e0db0c7c6c80b9678255d6d7577c88319b315c241b3e03d7f3739c50246ac0'),('Aaron','1a2d47679f23e4a41117348e61aca30d39b5eda062866ad08093477842c4df75'),('Josiah','1d67572c50583c753cf2d75f790e97e061f58dab35e43f633ffcc9ad112a8f03'),('Lillian','1f084480414f47253fc2ea05d8a04204a755c9246119be591239f444954e1704'),('Stella','1f7d34c12eb1b713027ee818841fc85001ead1d00ad1f1693b42279ac903e17a'),('Alexander','21702b2776b554fc4f9099733118ccf1bd2fd7c7b04c709bd5b0e57a984dd252'),('Lily','22c9f6718e05b7fffa8f6c2057edf02a75e508f7a4fe024c20ff4768a446dfef'),('Connor','22d4e4d346da1d492fa6d92233d6ead1683d7563806ed272829f2745b056558c'),('Lincoln','27afc2042e75f48eb24cad44fb357e8980640e701801de1b9615129e3fdecd3e'),('Brayden','27df550802e31fb4736cf898d561c7e8eb14bcf2815e85f02ed3baba672a3c83'),('Adam','2d6145b348b4c2a4c52a101f213a6a546698250ce445be727de5bc11756b8b07'),('Daniel','2ecddbec0174b392b95a66934818eb81f066468ce04f8abd0bddef26e785f128'),('Caleb','310fe49ad826ca52e350e09b590f03c05020e91ed34a01c3c7e92fb6581c43ce'),('Madison','34d5cb3533f297866f2f39b4f70163402693f053ece961081dc6be71d5b7b06e'),('Riley','387743a90826b70ceefd526e131f0d96d33f1c0f859b11eb5e91f1d80322bd96'),('Austin','3d120dd42aed74c54e8caa7e9241fffd7e851996c24698f5918b836f611cbcda'),('Luke','3ee8913b773938a8cc2fd80a1ce826f59f973f291b4b3d7a1e156d5d69d634a9'),('Jason','4112d0a9689ce8312f778bfaf254bf7d0d649e1c438c8d5ced816ac46d082864'),('Owen','4146317baad705d7f72266cdfd1a54c8b90a22fab597615a8cc5b22a506c7e68'),('Ella','466bd2f1bd69da7b81b462297e15cde1315fff328a668a09b0155bdb1e00dd11'),('Mason','4c59ebbcf501cc0af1fdccc68dc553cee5ecc0dca39c1cb7a243784527d8bd3f'),('Reagan','51d33e5640c9a02c501d7186061d02708b0013402346f234634a12ea702fe254'),('Angel','5b66f1a90d4bda5d6d25b73bedec72b40cebf1810e100d8e4e384117e0a08694'),('Nolan','6596712c30e45e9ef0007edd9e40ae9dfbb9ac010698fc0aefb40dc137379446'),('Hailey','6e6ba9032c9d47253714c503979d6e3aec9030d64f84435c5d23e5052a9aecfd'),('Elias','73bf28ec7a5301f650f6918c6301f7c3f238b2dde88670d2846d07b834ee90dc'),('Ezekiel','74e1867660283c14683a8127b445481271f1dec39a8f72ec0ecca8d8c9a93d68'),('Leo','76fd48500c7a70e30d9fbd9d47033034c67012d271f62d3cdf82b4d2af0beeee'),('Aubree','77e916ea826c2a388dfd6a1646072dad5dc2af55baf6d201c68f11ae76d106e0'),('Leonardo','7dc0b32ffda752e80837d07d1fe728d252449aa968179e6c4167aa2b810cf559'),('Nathan','7dfdde90231f09ec1ac2c3cdfbfcf4c5b57f0d514aa90ae378a3f5578199d369'),('Dominic','80d7cbcc0890b7a2cb43923d601246fa14866ae9e8239192ccefd6457c3e5fb8'),('Gianna','888a925371182c13bb6cd087c0d32cdfa1842f81e891870127d34078faae4264'),('Kinsley','8b23fcf59546815b4d367a19cd89416e883dc0dcaa5ca39dd8d46661d5acb64c'),('Isaac','8bbb5ee63c5aa5a74e8e36cb975c07795cae3db8703254a5691c170c7226597d'),('Robert','9138bfd70a75793df514dc0f101332839c3938b2c6b6aadf139c2d94ed799176'),('Jose','9330a9f42e9ba65015e8e94b07cc0baf1ce67f433af3be9e74324e7520fbfcdd'),('Mohamed','936a2af386e6323395389f8eeb1e4a445ff7a2ebfea519790bd6b4cec080c471'),('Brooklyn','95238adfad54d479b439e8c53010c7cc1c69e0875b8b95f9a9d400ea0c8cdd55'),('Genesis','959ad24f775a3c45ff74c93a3d306ea4c0794ffcec6810bc9c963879407bf4a5'),('Wyatt','9836fadb525e6f5105ca0a5a50fbc47ce1d014ea8c9206e04bbccc486777a43b'),('Audrey','9a27e7a4c43c1c1e6848123742a5cce84022cceee94014a4a18014b9bb171f87'),('Nora','9ba6d90171de772cb79614abb35553ad38c439e47469de91a518c61f5b9a19a3'),('Jameson','9e3dc52e05259e437a664cfedee54036285e44971be9e6754f02da7c1eb468e1'),('Noah','9f94018cc64e3b8789bfb85e635a337ee8cb65eb71c9a1378a2d766ffeb2565b'),('Samantha','a0072dbeaddc55bdf90e31b59ae0b223e3988dec3b910d1ebf28ad4453239755'),('Victoria','a0379bd2d4830efa4305d6e5043f639b921ad2449ec3490e73d18ee6e4e8cab5'),('Kennedy','a76d90402e64cd3baffae183dd646fceb416eab3574d4748a06a789d68de6b34'),('Everly','aad5e22bfc9717a9e5b3cbced9424ddf5663ef17cf8b174ab8aa6729fdf68c89'),('Alice','b0141376c968c092ce3174bd85381f83023b9733dd24e3a487ca84a090991582'),('Ayden','b06ff322930a89d78c1a405d1a8c4b9a8b0d3caa6e89d5dd51bb3edfb501b9c6'),('Natalie','b6cf676caf7171984abcda968ead7b37fcc80b225f2fd75d42ff2fb0ffc5b359'),('Amelia','b94fe46a02bb7f1097ce7dc72e68269d183bde199128023049e7478ca417a148'),('Ariana','bbf980bca624c4d5e850f8604352167cb52c2f6d0aae4c0fb74be6e3aa4ab899'),('James','bcb1b50403093d80619cdfa37403232a3e9f69abb7e79a77adca8f2ad26c6ebe'),('Jayden','bfb4e6236759425135f585e305e7d725e1d0a8c32643a2792e971191bfd81aa6'),('Xavier','c5a0fcad9aafe60060dca31c56880c595b9f3689c7e92dbbb586dbec317346e9'),('Benjamin','c7b7abe82c29dfa6ca7f7c9207f3861f366d1054e4614ee18611505dc68cc3e6'),('Sarah','c7e49acb012e3ead4b301c48ca07d8d0ee0bed41ab4c3d118722b512f2891545'),('Ethan','ca1cb5968ac2823737643e8cf8bcca5d361f631315de4c6d210b68c01fcbe557'),('Aurora','cca77004f0de373181758600b1cb5c61598697bccb548166c12fb1e42523bff8'),('Jackson','cda8d772036e9175409bfe029f7cf45f124b1132dcbb1a3dce040611ba11e25b'),('Quinn','cf452bf7497c69e59ccc42f76a9424a1488c1211a532f2079386186f0023b525'),('Claire','cf82e2edf5783dbe7eea7c1b2c88dc56ac2db19dcd9805168aa13bc96d41f244'),('Christopher','cf8cf0df3dafa5abc4d45ee541925c3843d6e06e9d697a5cb27b51aa154f555c'),('Logan','d45460dc494678d871f2ced69e9c9126a8f6bfbf86c98ad8113ffc0a0178e55c'),('Bella','d46ee0e28cc8582b630fcc51b9a74edd1b27c0a35fc92449118bb78f1e57d49a'),('Camila','d76bd9f786a787ebf8c3cf1ac31974ee3dd8f36b0138790a09b5909c03ab72e6'),('Harper','d8bcc74fe9d92487969400e6a4a956515813c915fca46bbc55167c4173355803'),('Easton','dc9121cacafba5641e67035829ee7ea49641172b679e50f9ea4ceb305fca9eb4'),('Evelyn','e39c761100f18f57d65cfd160a92a32c4a278d4dacd1502512a3ba14e486c65a'),('Luna','e736b09b1454c08f24b9b7bcb1f95ad95f171e7e845a318b8397a2fd7fc56d2d'),('Isaiah','e92bfc107271c64665fbdb8e7749f6d41e6df733f8c5c8184efea464fcdc6994'),('Allison','ec18511c9a715787c16fd4e53d03c3c0507d6ec3117cca3df96435507ac7e7e6'),('Alexa','eda582cc8155b147b735cfc4c86dd7fdacb886ed661c0dbd5f3b6cc6eeb5db12'),('Jace','eed0a70ca50ce08e7cbab5cce5d2d599638ffb67e49d3a29422a6628d43f55fa'),('Chloe','ef32eab2e00272d93cb409c589ae958f6dc373222ae19a6a6107fe7a2cc7253c'),('Hunter','f2d5c9ae3ee68da5f36ff0dc9a6460a5df04f18e616920e766cbe2c4d98fbef2'),('Eva','f8241c2c4dbd06af8b87b004d2267ea891605dc6b4a56a39f33fe7335bcbdce0');
/*!40000 ALTER TABLE `tbl_dispatcher` ENABLE KEYS */;
UNLOCK TABLES;

--
-- Table structure for table `tbl_driver`
--

DROP TABLE IF EXISTS `tbl_driver`;
/*!40101 SET @saved_cs_client     = @@character_set_client */;
 SET character_set_client = utf8mb4 ;
CREATE TABLE `tbl_driver` (
  `name` varchar(32) DEFAULT NULL,
  `driver_id` varchar(64) NOT NULL,
  `current_task_id` int(11) DEFAULT NULL,
  PRIMARY KEY (`driver_id`),
  KEY `current_task_id` (`current_task_id`),
  CONSTRAINT `tbl_driver_ibfk_1` FOREIGN KEY (`driver_id`) REFERENCES `tbl_account` (`user_id`),
  CONSTRAINT `tbl_driver_ibfk_2` FOREIGN KEY (`current_task_id`) REFERENCES `tbl_task` (`task_id`)
) ENGINE=InnoDB DEFAULT CHARSET=utf8mb4 COLLATE=utf8mb4_0900_ai_ci;
/*!40101 SET character_set_client = @saved_cs_client */;

--
-- Dumping data for table `tbl_driver`
--

LOCK TABLES `tbl_driver` WRITE;
/*!40000 ALTER TABLE `tbl_driver` DISABLE KEYS */;
INSERT INTO `tbl_driver` VALUES ('Ava','02316ee5e6e1be04fcc971b48b9fa484ca5bc2bc8de22ba83c8d16eb1600a61d',NULL),('Greyson','030091e88a0cc63dc571c7bbce91e789087a4c3f3d48be90acbf2e5ee8854547',NULL),('Lydia','048bf3a859388f7f149abf843f0e1bacd391e4a61d452d7099c819ff8989e192',NULL),('Sawyer','04f01a152bdb6850fb8bc1e1384c36e10e35b280478076fa4e1d8cc60115612d',NULL),('Maya','06e485ac2fc8631448a45414926de4ce9b90abfd4a36a754176f650f95252f2a',NULL),('Mia','07d55acbc76696fc678f9e56e0f9dcb16bc9bbb2c6964b74b3c671bc4cf7a780',NULL),('Santiago','08586c78f9d66de29bd195e7602d11799ef4f366922ba47645d3e1a4e825e75b',NULL),('Nevaeh','0dd7b3c5624261aff58f08da5dc9887ed3eb6861cf589dce1dfb02fbd4c185a4',NULL),('Lucy','0f878c29f3f093ffeb163e57339f20baa25a41325d9363aa8e16f8d8fb239255',NULL),('Cameron','11a1c2f052a8b12ad6254fdf90cc0cbe20339aa438d8b5cce903f4c8e638b930',NULL),('Penelope','12444da10c343dcc4c3b7804587e0b77024b556bf0abbf5bcda5864ddf7d6365',NULL),('Valentina','12c04afdf800e0f4a8e91ffd98cb31c1f10ecbe2bbc116507abb932ef8ed30df',NULL),('Grace','13972ea6494fe7f8f25a61f0b4d02d0ffaaf8b9dac06f4acd6a30afcc154d3a6',NULL),('Julia','148a00f524c3ecc947c684391f7511c627df1ffa0844054446ba6ecff59b6067',NULL),('Aubrey','22902ea28c4df60f07c3723d8e2d0e7adf282f1585f08bc11b3b8e94a8136a73',NULL),('Hannah','23f064b6299ac0adbbe211f17c3a9917be28f0480c2c11c620d4cbfe1eaa31ac',NULL),('Zoey','26471a8032648912fdf1573775776411195929eb71b7b49060e2eaea14377340',NULL),('Jacob','2c06c0c240dbb223279219b96eea048efafd792482992ffc9cd76207bb85e1a3',NULL),('Ian','31e105da1933fd6e1fbb48504ddcc4f696ec2545086abac053defd8c6f756e8a',NULL),('Zoe','327b568e7a94630c8e829ad612879a2726d967d372a6413039e1f53d37a1ad79',NULL),('Isabella','34b417cc2f1d281834f8ae013f663e88b184635cf449c7f5a3c2231caa7da43d',NULL),('Cooper','350cfa73485556dfa475ae4045e27553890c18c02265093be9a6b9e6a15df183',NULL),('Madeline','35f70ddd14f9b4aed92204cfae7b606286c8efcc51b18836a99d9cf5a24a7bf4',NULL),('Mateo','3621dc0344e9d7e0b092b7326757980713bab14ab31a0b04dc7ac4e9bf38c61a',NULL),('Dylan','36ac840d51fb8613cc3f21190de58f0def28654ed6c0f2c828fa9de09bf50698',NULL),('Eli','37c066b86e7a075323d94ce2805b91062074791b346e8dcc9cfbbc8f960f61aa',NULL),('Sadie','3842a76424f691afefeffe128816ac5f62964b57baf7b1c182408af6f458052a',NULL),('Michael','3c0b6ca81bf733b2edd774fcc3ec9471a43ff5a28377f5ce38b3f826b00275a5',NULL),('Jonathan','3c126655170cb928b4dce4a4d249e88b4fa749ca2227f194d508db4c04ba9568',NULL),('Cora','3e86f08520a13b09a849526d23ee83b470871f512aff2b6e5566cd9e2217d48f',NULL),('Violet','3f9d2722678ec33749038901278ecf5ede09bdde5ce9b9e59fe57801432081c5',NULL),('Jordan','46074bfccbb19cea36026d7a94c8aa9ed88836048d65af127c8d49ca09f3138b',NULL),('Melanie','47c77c35fc292f77ec64566c9327583670283a6384e04ad2b18d0cd65528514a',NULL),('Asher','4df1128ae82ef1c76c87488ddefc83e474723e7d6a44771b8b5a89573a4d28b3',NULL),('Willow','4e8ca4e8f61d32b71c6e931144f1838ba40d3e800d5c5d7da490666a3e22312f',NULL),('Isabelle','513d840e2075ee2c6d342bc08bf48b57529c81bb3062c105771f4fcbef4247d6',NULL),('Roman','518e8e21587bbcf1cc887ad18fd6f73c040c3e0e9361e3290f49311d6f877b53',NULL),('William','52470c1b3e8c8f4b749c2861d33c2e0bed8fc84079a61f3499bd21f04365f499',NULL),('Theodore','5307fb2ae220459e8461153b45983ecce4208b871307a2005d354f54fdf355ae',NULL),('Serenity','53df8c483f4b615ed2b426f5420afb0830d10b8bebb90c5d276d1d448b8b358c',NULL),('Samuel','551b0a59d82c0ff1054bdf60e07f1179e67bdde67c6597fbdf4e230067243d9c',NULL),('Elena','551dde065ff6aaf79ec49be2d352b6a8fde996d1db6c4a7008df899aed545a85',NULL),('Sophia','564d0a648165773fef8063fd440bfc2ab5cdc18ea5c5cef4636ee369c4524d0c',NULL),('Mackenzie','56a3bced2295ef6a7289a251cbec869ba558c2f1219453c4a1164bae6bda4ba0',NULL),('Emilia','582d0bb97603d7422ac780b12020707a317ad81f040acf51aa48730b2e278136',NULL),('Elijah','5acbed79fadbe7d67d2cfa8096412e1f5c00b78ca6bb24bb482d19300ab78c84',NULL),('Evan','5bfbef2b6ccf6d16385917e45b152cea9e472fde680cc85b7bee37fcd0f21f35',NULL),('Gavin','613d433c13181505deac3ff9ff3a12a65019292ddd74ba886e6116655e36ca6f',NULL),('Madelyn','64ed6306510d64aa331f5f28e5b62f10101e0d67bc725cec147e666a181be983',NULL),('Sofia','6c05c3fcb2779f39f81c152d1849048e71b09a7505752bf982916a4c0b04e480',NULL),('Aiden','6c86c17d058e52a59ad7ade2ffa0c3ca1dc2739751d1349ba3bb1db785bc9f3a',NULL),('Leah','6cdc1747384272343a2ccda4b870cf7fa5ccc309d260274285089c62ac596b6f',NULL),('Arianna','6fc9e3c7a0433b2b4066f4f7d294055d9ec6c2e95705ad287c3d6729bf335ed3',NULL),('Clara','74d6b068b0e2bc6a3892dbe70aec345ca37cca848cd000b99c429c999fe921bd',NULL),('Aaliyah','7ac8f50da9d2a0e6d98f479dba7360d4afcd71e7d1b666689e8ea0dd7b3844d0',NULL),('Elizabeth','7b21ba695ceb9473ebda6c5f1b65df98ad9c2862a71e6db7ad6debba7e79f65e',NULL),('Chase','7b6e39f7097966606d5500fc6625e4b02aea7c1c8fc0e75cf68c3e9c1d524e19',NULL),('Caroline','7c0f9a45e0f2089acaa3fb9a32371944f803b12b775ca0f486069785e6ef8b4c',NULL),('Levi','861eda0e37d835e05fce5d98d3e6aee8a1d2c9d8981a7c2f4f84441f15a00aab',NULL),('Carter','864a1ad87af6ff6f3d144be7778a4b46b5fa6f5868afff4f22a0b31d4b9dec09',NULL),('Hudson','8987e2cb534250aec0026367f144c75cc49f074d05508688cebcaed07e96d95a',NULL),('Ruby','89c5bf01b4eb811a353a4514a61d576d2ed121ddfa88681edb5ab3ca9ca7a4bf',NULL),('Henry','8a6de2252792ad7688a12f07a9d1d249771cd80f62bf0f3d85b719a771c44939',NULL),('Ryan','8b9da734755406adc6f063ab3eabc58f30cfb12b14db01d312c96c9214799d97',NULL),('Paisley','8f0bce4e346ed02ed5f7f3af9c86bc047c3057eaec949da23dd1f1166ed82f8d',NULL),('Abigail','9004cdfae873b55c7d98e323aaad5fdbc4a00d7cb0904524d22997f6558f94b4',NULL),('Gabriel','90a83bb1290bd989b3466e279f1fe247877579075d0223c7e9ad2104a403cb84',NULL),('Sebastian','9113acab70881c8cc3b69abbb0a4d5dcf36da6173025d5eae14f1d1fe930149c',NULL),('Carson','9291dfa433a996fe7f2a4379a05cdd52bacee50d0b1eaca31d19dc28cf882915',NULL),('Charles','97b7c9493769cbc71f686f12f1025fb946d1dede4f5b2093b05c07cbc958d735',NULL),('Autumn','9af450378ef14492291f8684f3627912996df382eec1ad34c3f11de6095eb955',NULL),('Olivia','9efe816e29fc7d2651e864d98c50c371d9dc8366d88819a7a5f63aee6df7e1c4',NULL),('John','a473c6f94d3d41ef6497275b4c850bba600ad6c4659d7cf413e014612b6ff771',NULL),('Gabriella','a715c3589e61b3a1f0e80077458e39557c8af422b3a12f8aea9717282843ce18',NULL),('Jaxon','a960f0536e742ded50157ea75136ecf7dc62fc53b76f8de4ec5791e28fb8d58d',NULL),('Joshua','a9c7bae9db0f213d4196dbaa5115ca8dc0331b070486822048bc8f74ac074fec',NULL),('Lucas','aad201f59fe1c32c88a3076ab3b9c4e41f038f031c3623ba6ceea635a7fea6b5',NULL),('Savannah','abd2d5875a11f885515979b0b917c865eb942f4269962365ae35aee59def7c36',NULL),('Eleanor','acea6c98b6926e96f639f5e7bd6a82f16be9b6338eebb3c2372068a986d6932c',NULL),('Charlotte','adc2042a6fd8c6dfb76ac781ab6b47c64d30066ff262bd2d837e75974fb225e1',NULL),('Anna','af9964e184d99cc74fc57153801960756055d720dea8485078422e506b5904f7',NULL),('Eliana','b0e2621d47b43f8ff5e16da4a0dd879edd8cd8bed02b2428a5d66f8bb32ac001',NULL),('Nova','b2c7d4109a6b32be59174040e66f4a10d0144b97dd7febd3f8130c4f38744779',NULL),('Colton','b500c4b2e87bef822a1df1c48adb7d2422e96deba2140be4b30aa463d8e9db20',NULL),('Parker','b6e5335b729d938b4269c5ff25e631bfb98cae1a937ef2898a5125721ccb30c9',NULL),('Thomas','ba0611eb923ee144be234112a652287e06fa3391790cc68c39f72bc2d9977c5f',NULL),('Emma','bb92bb1956f52baf05fe025a753cec1e64d68dd1dd67bd91258682997ce2d5b4',NULL),('Bryson','bc8cd07306399fd2cc1ffa4e1dcc3a1c82c054d52232743a04ef43293298a43e',NULL),('Jack','be7c50c5bee6557a2c9a46d2526964e07ac81cd73fd18b8dc1d768b4112322d1',NULL),('Andrew','bf226f151d0e1cd5cba46e7d1fa2769489ae8a33eeef4be50f6f4a3b4568f567',NULL),('Peyton','bf65b27e8e47be94fa9cf44432a6f58d6d6492362bd7440dba1dfd200c3e6af3',NULL),('Nicholas','c2307e0449a0b12450ee3a66c4134b13096202cb2ceda9750332e9f4ffa6c609',NULL),('Adrian','c363ae7ff0cd3de504c613296bd3e2b249e1a9fb9637b6a347656b7311bf25f3',NULL),('Oliver','c409938e311c98e3da10901cbf82108f1ac071748587d7cd7134d2bbe4096da7',NULL),('Anthony','c620d84f7510ffc06174773a97ceb38a4d0158fdfeb11ae02de63d02c6b13b71',NULL),('Hazel','c72132fe53c93c2d15ed76ec286685e65344af9188ef2a13334d71e2c2651835',NULL),('Scarlett','c88b69d966b65d76cc9a2b103e881ddf4c41802039b6c7953bbb0eae0c6971ab',NULL),('Aria','ce65162b2915cadd772091151bd535471a1175a0c13b56aab7684fe9dec9ea83',NULL),('Julian','d15f1a0018a8521c340934a4f6517339ad5ede0a5b21844c4b4dff8013d9481e',NULL),('Adeline','e73aea004b37f7146a030d14a2521955d02a23f840bd7df8965251f92196cf43',NULL),('Christian','e7902fdf9e542b777a9cdba9d336adad6419077f5889ebf9729e493d5ebed453',NULL),('Joseph','e794070777e31f7ca27af7a32ea4fddcbb1f532e3f3ba4760af44b0f64def2bc',NULL),('Jeremiah','e81ae9d30d2ff77d59b6302089bbc7be780fc6d41a2d58652ee146adb04f92ac',NULL),('Grayson','e85086c3d2d877c124fbf4f7d23a2d782b74034619e4f2c9c844e88954155427',NULL),('Landon','ed6869e82f76baa065a76b5245ecc51ad8fc4513b33dea86e6bd3f5423949487',NULL),('Vivian','ee48ad411ac6ce8fea36ac05212800b9aac8cab2311901fbfc383210cab61bb7',NULL),('Kaylee','ef096608ed7257968e92df2e4ba491c04ec4971917fc99001965d91db892bca3',NULL),('David','f060e6905b0b0c383a79bae16d5fe768511268c33bb2a55079165f38bce828ba',NULL),('Ezra','f1fe694b3e3cc187cb667ccd3dafe478dfde95961a96aef3327ed4dfcad541b8',NULL),('Naomi','f253d9a3225879f98c5a1ee97d3a5f7ac65e26310ac1992632ef64f0c0e5e711',NULL),('Ellie','f4e4d59db23cabe6ab9540a5791448f2d41b64692b0d41ab409317c6c26f3455',NULL),('Piper','f52196bc7e75a1b75dddfb0b67323e16e698a3f2a66f7d4cdd8a9763a5ed5029',NULL),('Addison','f84f4d7790502f458d08e1cdc136134760b47af2dfcb9d01f2cdf28a61123bcd',NULL),('Liam','fd94d3cc6ec169ac7c01b98c97976c00700d828a2cc3c9bfc595b5ca3dd1ca6c',NULL);
/*!40000 ALTER TABLE `tbl_driver` ENABLE KEYS */;
UNLOCK TABLES;

--
-- Table structure for table `tbl_lock`
--

DROP TABLE IF EXISTS `tbl_lock`;
/*!40101 SET @saved_cs_client     = @@character_set_client */;
 SET character_set_client = utf8mb4 ;
CREATE TABLE `tbl_lock` (
  `lock_id` varchar(64) NOT NULL,
  `time_locked` bigint(20) DEFAULT '0',
  PRIMARY KEY (`lock_id`),
  CONSTRAINT `tbl_lock_ibfk_1` FOREIGN KEY (`lock_id`) REFERENCES `tbl_account` (`user_id`)
) ENGINE=InnoDB DEFAULT CHARSET=utf8mb4 COLLATE=utf8mb4_0900_ai_ci;
/*!40101 SET character_set_client = @saved_cs_client */;

--
-- Dumping data for table `tbl_lock`
--

LOCK TABLES `tbl_lock` WRITE;
/*!40000 ALTER TABLE `tbl_lock` DISABLE KEYS */;
INSERT INTO `tbl_lock` VALUES ('02316ee5e6e1be04fcc971b48b9fa484ca5bc2bc8de22ba83c8d16eb1600a61d',0),('030091e88a0cc63dc571c7bbce91e789087a4c3f3d48be90acbf2e5ee8854547',0),('0363dc9e22174e621dab53b635a6b206de02dc21875e05d63575584c27e782c4',0),('048bf3a859388f7f149abf843f0e1bacd391e4a61d452d7099c819ff8989e192',0),('04e00b20a08acb9ad06b60bb9061777c427964f826cd0eba0c2954fa3115954b',0),('04f01a152bdb6850fb8bc1e1384c36e10e35b280478076fa4e1d8cc60115612d',0),('05fbe02c6196bf6ed72e0d8820e54450fb78ca2efa889fe250ea614432bead1d',0),('06e485ac2fc8631448a45414926de4ce9b90abfd4a36a754176f650f95252f2a',0),('07d55acbc76696fc678f9e56e0f9dcb16bc9bbb2c6964b74b3c671bc4cf7a780',0),('08586c78f9d66de29bd195e7602d11799ef4f366922ba47645d3e1a4e825e75b',0),('09f9657d3a9cf4f69594a85d6fa2a854ac567f5584c8e3ebb0bd7b341bff0b71',0),('0dd7b3c5624261aff58f08da5dc9887ed3eb6861cf589dce1dfb02fbd4c185a4',0),('0e656875883145d12d6d6a2c6f88e12ef87e2571361dec518b3023f1cef71f8e',0),('0f878c29f3f093ffeb163e57339f20baa25a41325d9363aa8e16f8d8fb239255',0),('11a1c2f052a8b12ad6254fdf90cc0cbe20339aa438d8b5cce903f4c8e638b930',0),('12444da10c343dcc4c3b7804587e0b77024b556bf0abbf5bcda5864ddf7d6365',0),('1245b10b26c4b009673fd5366866ef4617b525b5ab0139e76773780f96dd4acb',0),('12c04afdf800e0f4a8e91ffd98cb31c1f10ecbe2bbc116507abb932ef8ed30df',0),('13972ea6494fe7f8f25a61f0b4d02d0ffaaf8b9dac06f4acd6a30afcc154d3a6',0),('148a00f524c3ecc947c684391f7511c627df1ffa0844054446ba6ecff59b6067',0),('156591957ee5c776bdbc063aa9aec3848ba7748d5b3676685c950fb77510b8d9',0),('19e0db0c7c6c80b9678255d6d7577c88319b315c241b3e03d7f3739c50246ac0',0),('1a2d47679f23e4a41117348e61aca30d39b5eda062866ad08093477842c4df75',0),('1d67572c50583c753cf2d75f790e97e061f58dab35e43f633ffcc9ad112a8f03',0),('1f084480414f47253fc2ea05d8a04204a755c9246119be591239f444954e1704',0),('1f7d34c12eb1b713027ee818841fc85001ead1d00ad1f1693b42279ac903e17a',0),('21702b2776b554fc4f9099733118ccf1bd2fd7c7b04c709bd5b0e57a984dd252',0),('22902ea28c4df60f07c3723d8e2d0e7adf282f1585f08bc11b3b8e94a8136a73',0),('22c9f6718e05b7fffa8f6c2057edf02a75e508f7a4fe024c20ff4768a446dfef',0),('22d4e4d346da1d492fa6d92233d6ead1683d7563806ed272829f2745b056558c',0),('23f064b6299ac0adbbe211f17c3a9917be28f0480c2c11c620d4cbfe1eaa31ac',0),('26471a8032648912fdf1573775776411195929eb71b7b49060e2eaea14377340',0),('27afc2042e75f48eb24cad44fb357e8980640e701801de1b9615129e3fdecd3e',0),('27df550802e31fb4736cf898d561c7e8eb14bcf2815e85f02ed3baba672a3c83',0),('2c06c0c240dbb223279219b96eea048efafd792482992ffc9cd76207bb85e1a3',0),('2d6145b348b4c2a4c52a101f213a6a546698250ce445be727de5bc11756b8b07',0),('2ecddbec0174b392b95a66934818eb81f066468ce04f8abd0bddef26e785f128',0),('310fe49ad826ca52e350e09b590f03c05020e91ed34a01c3c7e92fb6581c43ce',0),('31e105da1933fd6e1fbb48504ddcc4f696ec2545086abac053defd8c6f756e8a',0),('327b568e7a94630c8e829ad612879a2726d967d372a6413039e1f53d37a1ad79',0),('34b417cc2f1d281834f8ae013f663e88b184635cf449c7f5a3c2231caa7da43d',0),('34d5cb3533f297866f2f39b4f70163402693f053ece961081dc6be71d5b7b06e',0),('350cfa73485556dfa475ae4045e27553890c18c02265093be9a6b9e6a15df183',0),('35f70ddd14f9b4aed92204cfae7b606286c8efcc51b18836a99d9cf5a24a7bf4',0),('3621dc0344e9d7e0b092b7326757980713bab14ab31a0b04dc7ac4e9bf38c61a',0),('36ac840d51fb8613cc3f21190de58f0def28654ed6c0f2c828fa9de09bf50698',0),('37c066b86e7a075323d94ce2805b91062074791b346e8dcc9cfbbc8f960f61aa',0),('3842a76424f691afefeffe128816ac5f62964b57baf7b1c182408af6f458052a',0),('387743a90826b70ceefd526e131f0d96d33f1c0f859b11eb5e91f1d80322bd96',0),('3c0b6ca81bf733b2edd774fcc3ec9471a43ff5a28377f5ce38b3f826b00275a5',0),('3c126655170cb928b4dce4a4d249e88b4fa749ca2227f194d508db4c04ba9568',0),('3d120dd42aed74c54e8caa7e9241fffd7e851996c24698f5918b836f611cbcda',0),('3e86f08520a13b09a849526d23ee83b470871f512aff2b6e5566cd9e2217d48f',0),('3ee8913b773938a8cc2fd80a1ce826f59f973f291b4b3d7a1e156d5d69d634a9',0),('3f9d2722678ec33749038901278ecf5ede09bdde5ce9b9e59fe57801432081c5',0),('4112d0a9689ce8312f778bfaf254bf7d0d649e1c438c8d5ced816ac46d082864',0),('4146317baad705d7f72266cdfd1a54c8b90a22fab597615a8cc5b22a506c7e68',0),('46074bfccbb19cea36026d7a94c8aa9ed88836048d65af127c8d49ca09f3138b',0),('466bd2f1bd69da7b81b462297e15cde1315fff328a668a09b0155bdb1e00dd11',0),('47c77c35fc292f77ec64566c9327583670283a6384e04ad2b18d0cd65528514a',0),('4c59ebbcf501cc0af1fdccc68dc553cee5ecc0dca39c1cb7a243784527d8bd3f',0),('4df1128ae82ef1c76c87488ddefc83e474723e7d6a44771b8b5a89573a4d28b3',0),('4e8ca4e8f61d32b71c6e931144f1838ba40d3e800d5c5d7da490666a3e22312f',0),('513d840e2075ee2c6d342bc08bf48b57529c81bb3062c105771f4fcbef4247d6',0),('518e8e21587bbcf1cc887ad18fd6f73c040c3e0e9361e3290f49311d6f877b53',0),('51d33e5640c9a02c501d7186061d02708b0013402346f234634a12ea702fe254',0),('52470c1b3e8c8f4b749c2861d33c2e0bed8fc84079a61f3499bd21f04365f499',0),('5307fb2ae220459e8461153b45983ecce4208b871307a2005d354f54fdf355ae',0),('53df8c483f4b615ed2b426f5420afb0830d10b8bebb90c5d276d1d448b8b358c',0),('551b0a59d82c0ff1054bdf60e07f1179e67bdde67c6597fbdf4e230067243d9c',0),('551dde065ff6aaf79ec49be2d352b6a8fde996d1db6c4a7008df899aed545a85',0),('564d0a648165773fef8063fd440bfc2ab5cdc18ea5c5cef4636ee369c4524d0c',0),('56a3bced2295ef6a7289a251cbec869ba558c2f1219453c4a1164bae6bda4ba0',0),('582d0bb97603d7422ac780b12020707a317ad81f040acf51aa48730b2e278136',0),('5acbed79fadbe7d67d2cfa8096412e1f5c00b78ca6bb24bb482d19300ab78c84',0),('5b66f1a90d4bda5d6d25b73bedec72b40cebf1810e100d8e4e384117e0a08694',0),('5bfbef2b6ccf6d16385917e45b152cea9e472fde680cc85b7bee37fcd0f21f35',0),('613d433c13181505deac3ff9ff3a12a65019292ddd74ba886e6116655e36ca6f',0),('64ed6306510d64aa331f5f28e5b62f10101e0d67bc725cec147e666a181be983',0),('6596712c30e45e9ef0007edd9e40ae9dfbb9ac010698fc0aefb40dc137379446',0),('6c05c3fcb2779f39f81c152d1849048e71b09a7505752bf982916a4c0b04e480',0),('6c86c17d058e52a59ad7ade2ffa0c3ca1dc2739751d1349ba3bb1db785bc9f3a',0),('6cdc1747384272343a2ccda4b870cf7fa5ccc309d260274285089c62ac596b6f',0),('6e6ba9032c9d47253714c503979d6e3aec9030d64f84435c5d23e5052a9aecfd',0),('6fc9e3c7a0433b2b4066f4f7d294055d9ec6c2e95705ad287c3d6729bf335ed3',0),('73bf28ec7a5301f650f6918c6301f7c3f238b2dde88670d2846d07b834ee90dc',0),('74d6b068b0e2bc6a3892dbe70aec345ca37cca848cd000b99c429c999fe921bd',0),('74e1867660283c14683a8127b445481271f1dec39a8f72ec0ecca8d8c9a93d68',0),('76fd48500c7a70e30d9fbd9d47033034c67012d271f62d3cdf82b4d2af0beeee',0),('77e916ea826c2a388dfd6a1646072dad5dc2af55baf6d201c68f11ae76d106e0',0),('7ac8f50da9d2a0e6d98f479dba7360d4afcd71e7d1b666689e8ea0dd7b3844d0',0),('7b21ba695ceb9473ebda6c5f1b65df98ad9c2862a71e6db7ad6debba7e79f65e',0),('7b6e39f7097966606d5500fc6625e4b02aea7c1c8fc0e75cf68c3e9c1d524e19',0),('7c0f9a45e0f2089acaa3fb9a32371944f803b12b775ca0f486069785e6ef8b4c',0),('7dc0b32ffda752e80837d07d1fe728d252449aa968179e6c4167aa2b810cf559',0),('7dfdde90231f09ec1ac2c3cdfbfcf4c5b57f0d514aa90ae378a3f5578199d369',0),('80d7cbcc0890b7a2cb43923d601246fa14866ae9e8239192ccefd6457c3e5fb8',0),('861eda0e37d835e05fce5d98d3e6aee8a1d2c9d8981a7c2f4f84441f15a00aab',0),('864a1ad87af6ff6f3d144be7778a4b46b5fa6f5868afff4f22a0b31d4b9dec09',0),('888a925371182c13bb6cd087c0d32cdfa1842f81e891870127d34078faae4264',0),('8987e2cb534250aec0026367f144c75cc49f074d05508688cebcaed07e96d95a',0),('89c5bf01b4eb811a353a4514a61d576d2ed121ddfa88681edb5ab3ca9ca7a4bf',0),('8a6de2252792ad7688a12f07a9d1d249771cd80f62bf0f3d85b719a771c44939',0),('8b23fcf59546815b4d367a19cd89416e883dc0dcaa5ca39dd8d46661d5acb64c',0),('8b9da734755406adc6f063ab3eabc58f30cfb12b14db01d312c96c9214799d97',0),('8bbb5ee63c5aa5a74e8e36cb975c07795cae3db8703254a5691c170c7226597d',0),('8f0bce4e346ed02ed5f7f3af9c86bc047c3057eaec949da23dd1f1166ed82f8d',0),('9004cdfae873b55c7d98e323aaad5fdbc4a00d7cb0904524d22997f6558f94b4',0),('90a83bb1290bd989b3466e279f1fe247877579075d0223c7e9ad2104a403cb84',0),('9113acab70881c8cc3b69abbb0a4d5dcf36da6173025d5eae14f1d1fe930149c',0),('9138bfd70a75793df514dc0f101332839c3938b2c6b6aadf139c2d94ed799176',0),('9291dfa433a996fe7f2a4379a05cdd52bacee50d0b1eaca31d19dc28cf882915',0),('9330a9f42e9ba65015e8e94b07cc0baf1ce67f433af3be9e74324e7520fbfcdd',0),('936a2af386e6323395389f8eeb1e4a445ff7a2ebfea519790bd6b4cec080c471',0),('95238adfad54d479b439e8c53010c7cc1c69e0875b8b95f9a9d400ea0c8cdd55',0),('959ad24f775a3c45ff74c93a3d306ea4c0794ffcec6810bc9c963879407bf4a5',0),('97b7c9493769cbc71f686f12f1025fb946d1dede4f5b2093b05c07cbc958d735',0),('9836fadb525e6f5105ca0a5a50fbc47ce1d014ea8c9206e04bbccc486777a43b',0),('9a27e7a4c43c1c1e6848123742a5cce84022cceee94014a4a18014b9bb171f87',0),('9af450378ef14492291f8684f3627912996df382eec1ad34c3f11de6095eb955',0),('9ba6d90171de772cb79614abb35553ad38c439e47469de91a518c61f5b9a19a3',0),('9e3dc52e05259e437a664cfedee54036285e44971be9e6754f02da7c1eb468e1',0),('9efe816e29fc7d2651e864d98c50c371d9dc8366d88819a7a5f63aee6df7e1c4',0),('9f94018cc64e3b8789bfb85e635a337ee8cb65eb71c9a1378a2d766ffeb2565b',0),('a0072dbeaddc55bdf90e31b59ae0b223e3988dec3b910d1ebf28ad4453239755',0),('a0379bd2d4830efa4305d6e5043f639b921ad2449ec3490e73d18ee6e4e8cab5',0),('a473c6f94d3d41ef6497275b4c850bba600ad6c4659d7cf413e014612b6ff771',0),('a715c3589e61b3a1f0e80077458e39557c8af422b3a12f8aea9717282843ce18',0),('a76d90402e64cd3baffae183dd646fceb416eab3574d4748a06a789d68de6b34',0),('a960f0536e742ded50157ea75136ecf7dc62fc53b76f8de4ec5791e28fb8d58d',0),('a9c7bae9db0f213d4196dbaa5115ca8dc0331b070486822048bc8f74ac074fec',0),('aad201f59fe1c32c88a3076ab3b9c4e41f038f031c3623ba6ceea635a7fea6b5',0),('aad5e22bfc9717a9e5b3cbced9424ddf5663ef17cf8b174ab8aa6729fdf68c89',0),('abd2d5875a11f885515979b0b917c865eb942f4269962365ae35aee59def7c36',0),('acea6c98b6926e96f639f5e7bd6a82f16be9b6338eebb3c2372068a986d6932c',0),('adc2042a6fd8c6dfb76ac781ab6b47c64d30066ff262bd2d837e75974fb225e1',0),('af9964e184d99cc74fc57153801960756055d720dea8485078422e506b5904f7',0),('b0141376c968c092ce3174bd85381f83023b9733dd24e3a487ca84a090991582',0),('b06ff322930a89d78c1a405d1a8c4b9a8b0d3caa6e89d5dd51bb3edfb501b9c6',0),('b0e2621d47b43f8ff5e16da4a0dd879edd8cd8bed02b2428a5d66f8bb32ac001',0),('b2c7d4109a6b32be59174040e66f4a10d0144b97dd7febd3f8130c4f38744779',0),('b500c4b2e87bef822a1df1c48adb7d2422e96deba2140be4b30aa463d8e9db20',0),('b6cf676caf7171984abcda968ead7b37fcc80b225f2fd75d42ff2fb0ffc5b359',0),('b6e5335b729d938b4269c5ff25e631bfb98cae1a937ef2898a5125721ccb30c9',0),('b94fe46a02bb7f1097ce7dc72e68269d183bde199128023049e7478ca417a148',0),('ba0611eb923ee144be234112a652287e06fa3391790cc68c39f72bc2d9977c5f',0),('bb92bb1956f52baf05fe025a753cec1e64d68dd1dd67bd91258682997ce2d5b4',0),('bbf980bca624c4d5e850f8604352167cb52c2f6d0aae4c0fb74be6e3aa4ab899',0),('bc8cd07306399fd2cc1ffa4e1dcc3a1c82c054d52232743a04ef43293298a43e',0),('bcb1b50403093d80619cdfa37403232a3e9f69abb7e79a77adca8f2ad26c6ebe',0),('be7c50c5bee6557a2c9a46d2526964e07ac81cd73fd18b8dc1d768b4112322d1',0),('bf226f151d0e1cd5cba46e7d1fa2769489ae8a33eeef4be50f6f4a3b4568f567',0),('bf65b27e8e47be94fa9cf44432a6f58d6d6492362bd7440dba1dfd200c3e6af3',0),('bfb4e6236759425135f585e305e7d725e1d0a8c32643a2792e971191bfd81aa6',0),('c2307e0449a0b12450ee3a66c4134b13096202cb2ceda9750332e9f4ffa6c609',0),('c363ae7ff0cd3de504c613296bd3e2b249e1a9fb9637b6a347656b7311bf25f3',0),('c409938e311c98e3da10901cbf82108f1ac071748587d7cd7134d2bbe4096da7',0),('c5a0fcad9aafe60060dca31c56880c595b9f3689c7e92dbbb586dbec317346e9',0),('c620d84f7510ffc06174773a97ceb38a4d0158fdfeb11ae02de63d02c6b13b71',0),('c72132fe53c93c2d15ed76ec286685e65344af9188ef2a13334d71e2c2651835',0),('c7b7abe82c29dfa6ca7f7c9207f3861f366d1054e4614ee18611505dc68cc3e6',0),('c7e49acb012e3ead4b301c48ca07d8d0ee0bed41ab4c3d118722b512f2891545',0),('c88b69d966b65d76cc9a2b103e881ddf4c41802039b6c7953bbb0eae0c6971ab',0),('ca1cb5968ac2823737643e8cf8bcca5d361f631315de4c6d210b68c01fcbe557',0),('cca77004f0de373181758600b1cb5c61598697bccb548166c12fb1e42523bff8',0),('cda8d772036e9175409bfe029f7cf45f124b1132dcbb1a3dce040611ba11e25b',0),('ce65162b2915cadd772091151bd535471a1175a0c13b56aab7684fe9dec9ea83',0),('cf452bf7497c69e59ccc42f76a9424a1488c1211a532f2079386186f0023b525',0),('cf82e2edf5783dbe7eea7c1b2c88dc56ac2db19dcd9805168aa13bc96d41f244',0),('cf8cf0df3dafa5abc4d45ee541925c3843d6e06e9d697a5cb27b51aa154f555c',0),('d15f1a0018a8521c340934a4f6517339ad5ede0a5b21844c4b4dff8013d9481e',0),('d45460dc494678d871f2ced69e9c9126a8f6bfbf86c98ad8113ffc0a0178e55c',0),('d46ee0e28cc8582b630fcc51b9a74edd1b27c0a35fc92449118bb78f1e57d49a',0),('d76bd9f786a787ebf8c3cf1ac31974ee3dd8f36b0138790a09b5909c03ab72e6',0),('d8bcc74fe9d92487969400e6a4a956515813c915fca46bbc55167c4173355803',0),('dc9121cacafba5641e67035829ee7ea49641172b679e50f9ea4ceb305fca9eb4',0),('e39c761100f18f57d65cfd160a92a32c4a278d4dacd1502512a3ba14e486c65a',0),('e736b09b1454c08f24b9b7bcb1f95ad95f171e7e845a318b8397a2fd7fc56d2d',0),('e73aea004b37f7146a030d14a2521955d02a23f840bd7df8965251f92196cf43',0),('e7902fdf9e542b777a9cdba9d336adad6419077f5889ebf9729e493d5ebed453',0),('e794070777e31f7ca27af7a32ea4fddcbb1f532e3f3ba4760af44b0f64def2bc',0),('e81ae9d30d2ff77d59b6302089bbc7be780fc6d41a2d58652ee146adb04f92ac',0),('e85086c3d2d877c124fbf4f7d23a2d782b74034619e4f2c9c844e88954155427',0),('e92bfc107271c64665fbdb8e7749f6d41e6df733f8c5c8184efea464fcdc6994',0),('ec18511c9a715787c16fd4e53d03c3c0507d6ec3117cca3df96435507ac7e7e6',0),('ed6869e82f76baa065a76b5245ecc51ad8fc4513b33dea86e6bd3f5423949487',0),('eda582cc8155b147b735cfc4c86dd7fdacb886ed661c0dbd5f3b6cc6eeb5db12',0),('ee48ad411ac6ce8fea36ac05212800b9aac8cab2311901fbfc383210cab61bb7',0),('eed0a70ca50ce08e7cbab5cce5d2d599638ffb67e49d3a29422a6628d43f55fa',0),('ef096608ed7257968e92df2e4ba491c04ec4971917fc99001965d91db892bca3',0),('ef32eab2e00272d93cb409c589ae958f6dc373222ae19a6a6107fe7a2cc7253c',0),('f060e6905b0b0c383a79bae16d5fe768511268c33bb2a55079165f38bce828ba',0),('f1fe694b3e3cc187cb667ccd3dafe478dfde95961a96aef3327ed4dfcad541b8',0),('f253d9a3225879f98c5a1ee97d3a5f7ac65e26310ac1992632ef64f0c0e5e711',0),('f2d5c9ae3ee68da5f36ff0dc9a6460a5df04f18e616920e766cbe2c4d98fbef2',0),('f4e4d59db23cabe6ab9540a5791448f2d41b64692b0d41ab409317c6c26f3455',0),('f52196bc7e75a1b75dddfb0b67323e16e698a3f2a66f7d4cdd8a9763a5ed5029',0),('f8241c2c4dbd06af8b87b004d2267ea891605dc6b4a56a39f33fe7335bcbdce0',0),('f84f4d7790502f458d08e1cdc136134760b47af2dfcb9d01f2cdf28a61123bcd',0),('fd94d3cc6ec169ac7c01b98c97976c00700d828a2cc3c9bfc595b5ca3dd1ca6c',0);
/*!40000 ALTER TABLE `tbl_lock` ENABLE KEYS */;
UNLOCK TABLES;

--
-- Table structure for table `tbl_log`
--

DROP TABLE IF EXISTS `tbl_log`;
/*!40101 SET @saved_cs_client     = @@character_set_client */;
 SET character_set_client = utf8mb4 ;
CREATE TABLE `tbl_log` (
  `log_id` int(11) NOT NULL AUTO_INCREMENT,
  `time_created` bigint(20) DEFAULT NULL,
  `account_id` varchar(64) DEFAULT NULL,
  `log` text,
  PRIMARY KEY (`log_id`),
  KEY `account_id` (`account_id`),
  CONSTRAINT `tbl_log_ibfk_1` FOREIGN KEY (`account_id`) REFERENCES `tbl_account` (`user_id`)
) ENGINE=InnoDB AUTO_INCREMENT=170 DEFAULT CHARSET=utf8mb4 COLLATE=utf8mb4_0900_ai_ci;
/*!40101 SET character_set_client = @saved_cs_client */;

--
-- Dumping data for table `tbl_log`
--

LOCK TABLES `tbl_log` WRITE;
/*!40000 ALTER TABLE `tbl_log` DISABLE KEYS */;
INSERT INTO `tbl_log` VALUES (1,1555554444,'02316ee5e6e1be04fcc971b48b9fa484ca5bc2bc8de22ba83c8d16eb1600a61d','Logged in from 127.0.0.1'),(2,1555554654,'02316ee5e6e1be04fcc971b48b9fa484ca5bc2bc8de22ba83c8d16eb1600a61d','Logged in from 127.0.0.1'),(3,1555554746,'02316ee5e6e1be04fcc971b48b9fa484ca5bc2bc8de22ba83c8d16eb1600a61d','Logged in from 127.0.0.1'),(4,1555623182,'02316ee5e6e1be04fcc971b48b9fa484ca5bc2bc8de22ba83c8d16eb1600a61d','Logged in from 127.0.0.1'),(5,1555625050,'02316ee5e6e1be04fcc971b48b9fa484ca5bc2bc8de22ba83c8d16eb1600a61d','Logged in from 127.0.0.1'),(6,1555625935,'02316ee5e6e1be04fcc971b48b9fa484ca5bc2bc8de22ba83c8d16eb1600a61d','Requested by Mohamed to pick Alan Ryan from 6853 E Center St to 601 Elmwood Ave'),(7,1555628933,'02316ee5e6e1be04fcc971b48b9fa484ca5bc2bc8de22ba83c8d16eb1600a61d','Logged in from 127.0.0.1'),(8,1555630038,'02316ee5e6e1be04fcc971b48b9fa484ca5bc2bc8de22ba83c8d16eb1600a61d','Logged in from 127.0.0.1'),(9,1555630577,'02316ee5e6e1be04fcc971b48b9fa484ca5bc2bc8de22ba83c8d16eb1600a61d','Logged in from 127.0.0.1'),(10,1555645644,'02316ee5e6e1be04fcc971b48b9fa484ca5bc2bc8de22ba83c8d16eb1600a61d','Logged in from 127.0.0.1'),(11,1555649403,'02316ee5e6e1be04fcc971b48b9fa484ca5bc2bc8de22ba83c8d16eb1600a61d','Logged in from 127.0.0.1'),(12,1555649847,'02316ee5e6e1be04fcc971b48b9fa484ca5bc2bc8de22ba83c8d16eb1600a61d','Logged in from 127.0.0.1'),(13,1555690674,'02316ee5e6e1be04fcc971b48b9fa484ca5bc2bc8de22ba83c8d16eb1600a61d','Logged in from 127.0.0.1'),(14,1555697368,'02316ee5e6e1be04fcc971b48b9fa484ca5bc2bc8de22ba83c8d16eb1600a61d','Logged in from 127.0.0.1'),(15,1555697464,'02316ee5e6e1be04fcc971b48b9fa484ca5bc2bc8de22ba83c8d16eb1600a61d','Logged in from 127.0.0.1'),(16,1555698548,'02316ee5e6e1be04fcc971b48b9fa484ca5bc2bc8de22ba83c8d16eb1600a61d','Logged in from 127.0.0.1'),(17,1555698657,'02316ee5e6e1be04fcc971b48b9fa484ca5bc2bc8de22ba83c8d16eb1600a61d','Logged in from 127.0.0.1'),(18,1555698888,'02316ee5e6e1be04fcc971b48b9fa484ca5bc2bc8de22ba83c8d16eb1600a61d','Logged in from 127.0.0.1'),(19,1555698967,'02316ee5e6e1be04fcc971b48b9fa484ca5bc2bc8de22ba83c8d16eb1600a61d','Logged in from 127.0.0.1'),(20,1555699101,'02316ee5e6e1be04fcc971b48b9fa484ca5bc2bc8de22ba83c8d16eb1600a61d','Logged in from 127.0.0.1'),(21,1555699200,'02316ee5e6e1be04fcc971b48b9fa484ca5bc2bc8de22ba83c8d16eb1600a61d','Logged in from 127.0.0.1'),(22,1555708581,'02316ee5e6e1be04fcc971b48b9fa484ca5bc2bc8de22ba83c8d16eb1600a61d','Logged in from 127.0.0.1'),(23,1555711698,'02316ee5e6e1be04fcc971b48b9fa484ca5bc2bc8de22ba83c8d16eb1600a61d','Logged in from 127.0.0.1'),(24,1555712594,'02316ee5e6e1be04fcc971b48b9fa484ca5bc2bc8de22ba83c8d16eb1600a61d','Logged in from 127.0.0.1'),(25,1555725827,'02316ee5e6e1be04fcc971b48b9fa484ca5bc2bc8de22ba83c8d16eb1600a61d','Logged in from 127.0.0.1'),(26,1555726552,'02316ee5e6e1be04fcc971b48b9fa484ca5bc2bc8de22ba83c8d16eb1600a61d','Logged in from 127.0.0.1'),(27,1555732709,'02316ee5e6e1be04fcc971b48b9fa484ca5bc2bc8de22ba83c8d16eb1600a61d','Logged in from 127.0.0.1'),(28,1555735343,'02316ee5e6e1be04fcc971b48b9fa484ca5bc2bc8de22ba83c8d16eb1600a61d','Logged in from 127.0.0.1'),(29,1555736352,'936a2af386e6323395389f8eeb1e4a445ff7a2ebfea519790bd6b4cec080c471','Logged in from 127.0.0.1'),(30,1555737314,'936a2af386e6323395389f8eeb1e4a445ff7a2ebfea519790bd6b4cec080c471','Logged in from 127.0.0.1'),(31,1555737512,'936a2af386e6323395389f8eeb1e4a445ff7a2ebfea519790bd6b4cec080c471','Logged in from 127.0.0.1'),(32,1555737611,'936a2af386e6323395389f8eeb1e4a445ff7a2ebfea519790bd6b4cec080c471','Logged in from 127.0.0.1'),(33,1555738334,'936a2af386e6323395389f8eeb1e4a445ff7a2ebfea519790bd6b4cec080c471','Logged in from 127.0.0.1'),(34,1555738342,'02316ee5e6e1be04fcc971b48b9fa484ca5bc2bc8de22ba83c8d16eb1600a61d','Requested by Mohamed to pick Albert Kelly from 3679 Blossom Hill Rd to 1425 Portland Ave'),(35,1555738934,'936a2af386e6323395389f8eeb1e4a445ff7a2ebfea519790bd6b4cec080c471','Logged in from 127.0.0.1'),(36,1555740982,'02316ee5e6e1be04fcc971b48b9fa484ca5bc2bc8de22ba83c8d16eb1600a61d','Logged in from 127.0.0.1'),(37,1555741064,'02316ee5e6e1be04fcc971b48b9fa484ca5bc2bc8de22ba83c8d16eb1600a61d','Logged in from 127.0.0.1'),(38,1555741115,'02316ee5e6e1be04fcc971b48b9fa484ca5bc2bc8de22ba83c8d16eb1600a61d','Requested by Mohamed to pick Jamie Riley from 1551 Northaven Rd to 1000 South Ave'),(39,1555741377,'936a2af386e6323395389f8eeb1e4a445ff7a2ebfea519790bd6b4cec080c471','Logged in from 127.0.0.1'),(40,1555741413,'936a2af386e6323395389f8eeb1e4a445ff7a2ebfea519790bd6b4cec080c471','Logged in from 127.0.0.1'),(41,1555742720,'936a2af386e6323395389f8eeb1e4a445ff7a2ebfea519790bd6b4cec080c471','Logged in from 127.0.0.1'),(42,1555742833,'02316ee5e6e1be04fcc971b48b9fa484ca5bc2bc8de22ba83c8d16eb1600a61d','Requested by Mohamed to pick Charles Ray from 8278 W Pecan St to 322 Lake Ave'),(43,1555742919,'02316ee5e6e1be04fcc971b48b9fa484ca5bc2bc8de22ba83c8d16eb1600a61d','Requested by Mohamed to pick Arianna Woods from 5266 Mockingbird Ln to 322 Lake Ave'),(44,1555743090,'936a2af386e6323395389f8eeb1e4a445ff7a2ebfea519790bd6b4cec080c471','Logged in from 127.0.0.1'),(45,1555770613,'936a2af386e6323395389f8eeb1e4a445ff7a2ebfea519790bd6b4cec080c471','Logged in from 127.0.0.1'),(46,1555773780,'936a2af386e6323395389f8eeb1e4a445ff7a2ebfea519790bd6b4cec080c471','Logged in from 127.0.0.1'),(47,1555774659,'936a2af386e6323395389f8eeb1e4a445ff7a2ebfea519790bd6b4cec080c471','Logged in from 127.0.0.1'),(48,1555776472,'936a2af386e6323395389f8eeb1e4a445ff7a2ebfea519790bd6b4cec080c471','Logged in from 127.0.0.1'),(49,1555776487,'02316ee5e6e1be04fcc971b48b9fa484ca5bc2bc8de22ba83c8d16eb1600a61d','Requested by Mohamed to pick Alan Ryan from 6853 E Center St to 601 Elmwood Ave'),(50,1555776487,'936a2af386e6323395389f8eeb1e4a445ff7a2ebfea519790bd6b4cec080c471','Requested Ava to pick Alan Ryan from 6853 E Center St to 601 Elmwood Ave'),(51,1555776798,'936a2af386e6323395389f8eeb1e4a445ff7a2ebfea519790bd6b4cec080c471','Logged in from 127.0.0.1'),(52,1555776803,'02316ee5e6e1be04fcc971b48b9fa484ca5bc2bc8de22ba83c8d16eb1600a61d','Mohamed removed the task for transporting Arianna Woods'),(53,1555776803,'936a2af386e6323395389f8eeb1e4a445ff7a2ebfea519790bd6b4cec080c471','Removed task from Ava for transporting Arianna Woods'),(54,1555776815,'02316ee5e6e1be04fcc971b48b9fa484ca5bc2bc8de22ba83c8d16eb1600a61d','Requested by Mohamed to pick Albert Kelly from 3679 Blossom Hill Rd to 1425 Portland Ave'),(55,1555776815,'936a2af386e6323395389f8eeb1e4a445ff7a2ebfea519790bd6b4cec080c471','Requested Ava to pick Albert Kelly from 3679 Blossom Hill Rd to 1425 Portland Ave'),(56,1555776866,'936a2af386e6323395389f8eeb1e4a445ff7a2ebfea519790bd6b4cec080c471','Logged in from 127.0.0.1'),(57,1555776873,'02316ee5e6e1be04fcc971b48b9fa484ca5bc2bc8de22ba83c8d16eb1600a61d','Mohamed removed the task for transporting Albert Kelly'),(58,1555776873,'936a2af386e6323395389f8eeb1e4a445ff7a2ebfea519790bd6b4cec080c471','Removed task from Ava for transporting Albert Kelly'),(59,1555776876,'02316ee5e6e1be04fcc971b48b9fa484ca5bc2bc8de22ba83c8d16eb1600a61d','Mohamed removed the task for transporting Charles Ray'),(60,1555776876,'936a2af386e6323395389f8eeb1e4a445ff7a2ebfea519790bd6b4cec080c471','Removed task from Ava for transporting Charles Ray'),(61,1555776884,'02316ee5e6e1be04fcc971b48b9fa484ca5bc2bc8de22ba83c8d16eb1600a61d','Requested by Mohamed to pick Jamie Riley from 1551 Northaven Rd to 1000 South Ave'),(62,1555776884,'936a2af386e6323395389f8eeb1e4a445ff7a2ebfea519790bd6b4cec080c471','Requested Ava to pick Jamie Riley from 1551 Northaven Rd to 1000 South Ave'),(63,1555777000,'936a2af386e6323395389f8eeb1e4a445ff7a2ebfea519790bd6b4cec080c471','Logged in from 127.0.0.1'),(64,1555777010,'02316ee5e6e1be04fcc971b48b9fa484ca5bc2bc8de22ba83c8d16eb1600a61d','Mohamed removed the task for transporting Jamie Riley from 1551 Northaven Rd to 1000 South Ave'),(65,1555777010,'936a2af386e6323395389f8eeb1e4a445ff7a2ebfea519790bd6b4cec080c471','Removed task from Ava for transporting Jamie Riley from 1551 Northaven Rd to 1000 South Ave'),(66,1555777029,'02316ee5e6e1be04fcc971b48b9fa484ca5bc2bc8de22ba83c8d16eb1600a61d','Requested by Mohamed to pick Angela Ross from 258 Flint St to 1000 South Ave'),(67,1555777029,'936a2af386e6323395389f8eeb1e4a445ff7a2ebfea519790bd6b4cec080c471','Requested Ava to pick Angela Ross from 258 Flint St to 1000 South Ave'),(68,1555777061,'02316ee5e6e1be04fcc971b48b9fa484ca5bc2bc8de22ba83c8d16eb1600a61d','Mohamed removed the task for transporting Angela Ross from 258 Flint St to 1000 South Ave'),(69,1555777061,'936a2af386e6323395389f8eeb1e4a445ff7a2ebfea519790bd6b4cec080c471','Removed task from Ava for transporting Angela Ross from 258 Flint St to 1000 South Ave'),(70,1555777082,'02316ee5e6e1be04fcc971b48b9fa484ca5bc2bc8de22ba83c8d16eb1600a61d','Requested by Mohamed to pick Ralph Peters from 927 Mockingbird Ln to 601 Elmwood Ave'),(71,1555777082,'936a2af386e6323395389f8eeb1e4a445ff7a2ebfea519790bd6b4cec080c471','Requested Ava to pick Ralph Peters from 927 Mockingbird Ln to 601 Elmwood Ave'),(72,1555777091,'02316ee5e6e1be04fcc971b48b9fa484ca5bc2bc8de22ba83c8d16eb1600a61d','Mohamed removed the task for transporting Ralph Peters from 927 Mockingbird Ln to 601 Elmwood Ave'),(73,1555777092,'936a2af386e6323395389f8eeb1e4a445ff7a2ebfea519790bd6b4cec080c471','Removed task from Ava for transporting Ralph Peters from 927 Mockingbird Ln to 601 Elmwood Ave'),(74,1555777134,'02316ee5e6e1be04fcc971b48b9fa484ca5bc2bc8de22ba83c8d16eb1600a61d','Requested by Mohamed to pick Frances Freeman from 17 Hickory Creek Dr to 1000 South Ave'),(75,1555777135,'936a2af386e6323395389f8eeb1e4a445ff7a2ebfea519790bd6b4cec080c471','Requested Ava to pick Frances Freeman from 17 Hickory Creek Dr to 1000 South Ave'),(76,1555777150,'02316ee5e6e1be04fcc971b48b9fa484ca5bc2bc8de22ba83c8d16eb1600a61d','Requested by Mohamed to pick Aubree Parker from 1747 Oak Lawn Ave to 601 Elmwood Ave'),(77,1555777150,'936a2af386e6323395389f8eeb1e4a445ff7a2ebfea519790bd6b4cec080c471','Requested Ava to pick Aubree Parker from 1747 Oak Lawn Ave to 601 Elmwood Ave'),(78,1555777189,'02316ee5e6e1be04fcc971b48b9fa484ca5bc2bc8de22ba83c8d16eb1600a61d','Requested by Mohamed to pick Angela Ross from 258 Flint St to 1000 South Ave'),(79,1555777189,'936a2af386e6323395389f8eeb1e4a445ff7a2ebfea519790bd6b4cec080c471','Requested Ava to pick Angela Ross from 258 Flint St to 1000 South Ave'),(80,1555777249,'b2c7d4109a6b32be59174040e66f4a10d0144b97dd7febd3f8130c4f38744779','Logged in from 127.0.0.1'),(81,1555777562,'b2c7d4109a6b32be59174040e66f4a10d0144b97dd7febd3f8130c4f38744779','Logged in from 127.0.0.1'),(82,1555777724,'936a2af386e6323395389f8eeb1e4a445ff7a2ebfea519790bd6b4cec080c471','Logged in from 127.0.0.1'),(83,1555777894,'936a2af386e6323395389f8eeb1e4a445ff7a2ebfea519790bd6b4cec080c471','Logged in from 127.0.0.1'),(84,1555777966,'936a2af386e6323395389f8eeb1e4a445ff7a2ebfea519790bd6b4cec080c471','Logged in from 127.0.0.1'),(85,1555782083,'936a2af386e6323395389f8eeb1e4a445ff7a2ebfea519790bd6b4cec080c471','Logged in from 127.0.0.1'),(86,1555782089,'02316ee5e6e1be04fcc971b48b9fa484ca5bc2bc8de22ba83c8d16eb1600a61d','Mohamed removed the task for transporting Frances Freeman from 17 Hickory Creek Dr to 1000 South Ave'),(87,1555782089,'936a2af386e6323395389f8eeb1e4a445ff7a2ebfea519790bd6b4cec080c471','Removed task from Ava for transporting Frances Freeman from 17 Hickory Creek Dr to 1000 South Ave'),(88,1555782592,'936a2af386e6323395389f8eeb1e4a445ff7a2ebfea519790bd6b4cec080c471','Logged in from 127.0.0.1'),(89,1555782624,'02316ee5e6e1be04fcc971b48b9fa484ca5bc2bc8de22ba83c8d16eb1600a61d','Mohamed removed the task for transporting Angela Ross from 258 Flint St to 1000 South Ave'),(90,1555782624,'936a2af386e6323395389f8eeb1e4a445ff7a2ebfea519790bd6b4cec080c471','Removed task from Ava for transporting Angela Ross from 258 Flint St to 1000 South Ave'),(91,1555782627,'02316ee5e6e1be04fcc971b48b9fa484ca5bc2bc8de22ba83c8d16eb1600a61d','Mohamed removed the task for transporting Alan Ryan from 6853 E Center St to 601 Elmwood Ave'),(92,1555782627,'936a2af386e6323395389f8eeb1e4a445ff7a2ebfea519790bd6b4cec080c471','Removed task from Ava for transporting Alan Ryan from 6853 E Center St to 601 Elmwood Ave'),(93,1555782719,'02316ee5e6e1be04fcc971b48b9fa484ca5bc2bc8de22ba83c8d16eb1600a61d','Requested by Mohamed to pick Albert Kelly from 3679 Blossom Hill Rd to 1425 Portland Ave'),(94,1555782719,'936a2af386e6323395389f8eeb1e4a445ff7a2ebfea519790bd6b4cec080c471','Requested Ava to pick Albert Kelly from 3679 Blossom Hill Rd to 1425 Portland Ave'),(95,1555782736,'02316ee5e6e1be04fcc971b48b9fa484ca5bc2bc8de22ba83c8d16eb1600a61d','Requested by Mohamed to pick Alan Ryan from 6853 E Center St to 601 Elmwood Ave'),(96,1555782736,'936a2af386e6323395389f8eeb1e4a445ff7a2ebfea519790bd6b4cec080c471','Requested Ava to pick Alan Ryan from 6853 E Center St to 601 Elmwood Ave'),(97,1555782778,'02316ee5e6e1be04fcc971b48b9fa484ca5bc2bc8de22ba83c8d16eb1600a61d','Requested by Mohamed to pick Danny Woods from 1325 Hamilton Ave to 1425 Portland Ave'),(98,1555782779,'936a2af386e6323395389f8eeb1e4a445ff7a2ebfea519790bd6b4cec080c471','Requested Ava to pick Danny Woods from 1325 Hamilton Ave to 1425 Portland Ave'),(99,1555784964,'936a2af386e6323395389f8eeb1e4a445ff7a2ebfea519790bd6b4cec080c471','Logged in from 127.0.0.1'),(100,1555785291,'936a2af386e6323395389f8eeb1e4a445ff7a2ebfea519790bd6b4cec080c471','Logged in from 127.0.0.1'),(101,1555785792,'02316ee5e6e1be04fcc971b48b9fa484ca5bc2bc8de22ba83c8d16eb1600a61d','Mohamed removed the task for transporting Aubree Parker from 1747 Oak Lawn Ave to 601 Elmwood Ave'),(102,1555785792,'936a2af386e6323395389f8eeb1e4a445ff7a2ebfea519790bd6b4cec080c471','Removed task from Ava for transporting Aubree Parker from 1747 Oak Lawn Ave to 601 Elmwood Ave'),(103,1555785932,'09f9657d3a9cf4f69594a85d6fa2a854ac567f5584c8e3ebb0bd7b341bff0b71','Logged in from 127.0.0.1'),(104,1555785939,'02316ee5e6e1be04fcc971b48b9fa484ca5bc2bc8de22ba83c8d16eb1600a61d','Requested by Avery to pick Alice Gutierrez from 6533 Locust Rd to 1425 Portland Ave'),(105,1555785939,'09f9657d3a9cf4f69594a85d6fa2a854ac567f5584c8e3ebb0bd7b341bff0b71','Requested Ava to pick Alice Gutierrez from 6533 Locust Rd to 1425 Portland Ave'),(106,1555785946,'02316ee5e6e1be04fcc971b48b9fa484ca5bc2bc8de22ba83c8d16eb1600a61d','Mohamed removed the task for transporting Albert Kelly from 3679 Blossom Hill Rd to 1425 Portland Ave'),(107,1555785946,'936a2af386e6323395389f8eeb1e4a445ff7a2ebfea519790bd6b4cec080c471','Removed task from Ava for transporting Albert Kelly from 3679 Blossom Hill Rd to 1425 Portland Ave'),(108,1555786140,'09f9657d3a9cf4f69594a85d6fa2a854ac567f5584c8e3ebb0bd7b341bff0b71','Logged in from 127.0.0.1'),(109,1555786146,'02316ee5e6e1be04fcc971b48b9fa484ca5bc2bc8de22ba83c8d16eb1600a61d','Mohamed removed the task for transporting Danny Woods from 1325 Hamilton Ave to 1425 Portland Ave'),(110,1555786146,'09f9657d3a9cf4f69594a85d6fa2a854ac567f5584c8e3ebb0bd7b341bff0b71','Removed task from Ava for transporting Danny Woods from 1325 Hamilton Ave to 1425 Portland Ave'),(111,1555786321,'09f9657d3a9cf4f69594a85d6fa2a854ac567f5584c8e3ebb0bd7b341bff0b71','Logged in from 127.0.0.1'),(112,1555786370,'02316ee5e6e1be04fcc971b48b9fa484ca5bc2bc8de22ba83c8d16eb1600a61d','Avery removed the task for transporting Alice Gutierrez from 6533 Locust Rd to 1425 Portland Ave'),(113,1555786370,'09f9657d3a9cf4f69594a85d6fa2a854ac567f5584c8e3ebb0bd7b341bff0b71','Removed task from Ava for transporting Alice Gutierrez from 6533 Locust Rd to 1425 Portland Ave'),(114,1555786379,'02316ee5e6e1be04fcc971b48b9fa484ca5bc2bc8de22ba83c8d16eb1600a61d','Requested by Avery to pick Angela Ross from 258 Flint St to 1000 South Ave'),(115,1555786379,'09f9657d3a9cf4f69594a85d6fa2a854ac567f5584c8e3ebb0bd7b341bff0b71','Requested Ava to pick Angela Ross from 258 Flint St to 1000 South Ave'),(116,1555786508,'936a2af386e6323395389f8eeb1e4a445ff7a2ebfea519790bd6b4cec080c471','Logged in from 127.0.0.1'),(117,1555796557,'936a2af386e6323395389f8eeb1e4a445ff7a2ebfea519790bd6b4cec080c471','Logged in from 127.0.0.1'),(118,1555797413,'936a2af386e6323395389f8eeb1e4a445ff7a2ebfea519790bd6b4cec080c471','Logged in from 127.0.0.1'),(119,1555797461,'936a2af386e6323395389f8eeb1e4a445ff7a2ebfea519790bd6b4cec080c471','Logged in from 127.0.0.1'),(120,1555799530,'02316ee5e6e1be04fcc971b48b9fa484ca5bc2bc8de22ba83c8d16eb1600a61d','Logged in from 127.0.0.1'),(121,1555799952,'02316ee5e6e1be04fcc971b48b9fa484ca5bc2bc8de22ba83c8d16eb1600a61d','Logged in from 127.0.0.1'),(122,1555800087,'02316ee5e6e1be04fcc971b48b9fa484ca5bc2bc8de22ba83c8d16eb1600a61d','Logged in from 127.0.0.1'),(123,1555815125,'09f9657d3a9cf4f69594a85d6fa2a854ac567f5584c8e3ebb0bd7b341bff0b71','Logged in from 127.0.0.1'),(124,1555878993,'936a2af386e6323395389f8eeb1e4a445ff7a2ebfea519790bd6b4cec080c471','Logged in from 127.0.0.1'),(125,1555879014,'02316ee5e6e1be04fcc971b48b9fa484ca5bc2bc8de22ba83c8d16eb1600a61d','Mohamed removed the task for transporting Alan Ryan from 6853 E Center St to 601 Elmwood Ave'),(126,1555879014,'936a2af386e6323395389f8eeb1e4a445ff7a2ebfea519790bd6b4cec080c471','Removed task from Ava for transporting Alan Ryan from 6853 E Center St to 601 Elmwood Ave'),(127,1555879017,'02316ee5e6e1be04fcc971b48b9fa484ca5bc2bc8de22ba83c8d16eb1600a61d','Mohamed removed the task for transporting Angela Ross from 258 Flint St to 1000 South Ave'),(128,1555879017,'936a2af386e6323395389f8eeb1e4a445ff7a2ebfea519790bd6b4cec080c471','Removed task from Ava for transporting Angela Ross from 258 Flint St to 1000 South Ave'),(129,1555879151,'936a2af386e6323395389f8eeb1e4a445ff7a2ebfea519790bd6b4cec080c471','Logged in from 127.0.0.1'),(130,1555879178,'02316ee5e6e1be04fcc971b48b9fa484ca5bc2bc8de22ba83c8d16eb1600a61d','Requested by Mohamed to pick Alan Ryan from 6853 E Center St to 601 Elmwood Ave'),(131,1555879178,'936a2af386e6323395389f8eeb1e4a445ff7a2ebfea519790bd6b4cec080c471','Requested Ava to pick Alan Ryan from 6853 E Center St to 601 Elmwood Ave'),(132,1555879183,'02316ee5e6e1be04fcc971b48b9fa484ca5bc2bc8de22ba83c8d16eb1600a61d','Requested by Mohamed to pick Fernando Willis from 7264 Ranchview Dr to 322 Lake Ave'),(133,1555879183,'936a2af386e6323395389f8eeb1e4a445ff7a2ebfea519790bd6b4cec080c471','Requested Ava to pick Fernando Willis from 7264 Ranchview Dr to 322 Lake Ave'),(134,1555879208,'b2c7d4109a6b32be59174040e66f4a10d0144b97dd7febd3f8130c4f38744779','Requested by Mohamed to pick Jamie Riley from 1551 Northaven Rd to 1000 South Ave'),(135,1555879208,'936a2af386e6323395389f8eeb1e4a445ff7a2ebfea519790bd6b4cec080c471','Requested Nova to pick Jamie Riley from 1551 Northaven Rd to 1000 South Ave'),(136,1555879210,'b2c7d4109a6b32be59174040e66f4a10d0144b97dd7febd3f8130c4f38744779','Requested by Mohamed to pick Angela Ross from 258 Flint St to 1000 South Ave'),(137,1555879210,'936a2af386e6323395389f8eeb1e4a445ff7a2ebfea519790bd6b4cec080c471','Requested Nova to pick Angela Ross from 258 Flint St to 1000 South Ave'),(138,1555879214,'b2c7d4109a6b32be59174040e66f4a10d0144b97dd7febd3f8130c4f38744779','Requested by Mohamed to pick Lesa Terry from 6499 Groveland Terrace to 601 Elmwood Ave'),(139,1555879215,'936a2af386e6323395389f8eeb1e4a445ff7a2ebfea519790bd6b4cec080c471','Requested Nova to pick Lesa Terry from 6499 Groveland Terrace to 601 Elmwood Ave'),(140,1555879218,'b2c7d4109a6b32be59174040e66f4a10d0144b97dd7febd3f8130c4f38744779','Requested by Mohamed to pick Arron Kelly from 1293 Green Rd to 1425 Portland Ave'),(141,1555879218,'936a2af386e6323395389f8eeb1e4a445ff7a2ebfea519790bd6b4cec080c471','Requested Nova to pick Arron Kelly from 1293 Green Rd to 1425 Portland Ave'),(142,1555879250,'04f01a152bdb6850fb8bc1e1384c36e10e35b280478076fa4e1d8cc60115612d','Requested by Mohamed to pick Noah Campbell from 6787 Homestead Rd to 601 Elmwood Ave'),(143,1555879250,'936a2af386e6323395389f8eeb1e4a445ff7a2ebfea519790bd6b4cec080c471','Requested Sawyer to pick Noah Campbell from 6787 Homestead Rd to 601 Elmwood Ave'),(144,1555879259,'04f01a152bdb6850fb8bc1e1384c36e10e35b280478076fa4e1d8cc60115612d','Requested by Mohamed to pick Victoria Morgan from 3685 Rolling Green Rd to 1000 South Ave'),(145,1555879259,'936a2af386e6323395389f8eeb1e4a445ff7a2ebfea519790bd6b4cec080c471','Requested Sawyer to pick Victoria Morgan from 3685 Rolling Green Rd to 1000 South Ave'),(146,1555879262,'04f01a152bdb6850fb8bc1e1384c36e10e35b280478076fa4e1d8cc60115612d','Requested by Mohamed to pick Alice Gutierrez from 6533 Locust Rd to 1425 Portland Ave'),(147,1555879262,'936a2af386e6323395389f8eeb1e4a445ff7a2ebfea519790bd6b4cec080c471','Requested Sawyer to pick Alice Gutierrez from 6533 Locust Rd to 1425 Portland Ave'),(148,1555879374,'b2c7d4109a6b32be59174040e66f4a10d0144b97dd7febd3f8130c4f38744779','Mohamed removed the task for transporting Jamie Riley from 1551 Northaven Rd to 1000 South Ave'),(149,1555879374,'936a2af386e6323395389f8eeb1e4a445ff7a2ebfea519790bd6b4cec080c471','Removed task from Nova for transporting Jamie Riley from 1551 Northaven Rd to 1000 South Ave'),(150,1555879375,'b2c7d4109a6b32be59174040e66f4a10d0144b97dd7febd3f8130c4f38744779','Mohamed removed the task for transporting Arron Kelly from 1293 Green Rd to 1425 Portland Ave'),(151,1555879376,'936a2af386e6323395389f8eeb1e4a445ff7a2ebfea519790bd6b4cec080c471','Removed task from Nova for transporting Arron Kelly from 1293 Green Rd to 1425 Portland Ave'),(152,1555879378,'b2c7d4109a6b32be59174040e66f4a10d0144b97dd7febd3f8130c4f38744779','Mohamed removed the task for transporting Angela Ross from 258 Flint St to 1000 South Ave'),(153,1555879378,'936a2af386e6323395389f8eeb1e4a445ff7a2ebfea519790bd6b4cec080c471','Removed task from Nova for transporting Angela Ross from 258 Flint St to 1000 South Ave'),(154,1555879380,'b2c7d4109a6b32be59174040e66f4a10d0144b97dd7febd3f8130c4f38744779','Requested by Mohamed to pick Arianna Woods from 5266 Mockingbird Ln to 322 Lake Ave'),(155,1555879380,'936a2af386e6323395389f8eeb1e4a445ff7a2ebfea519790bd6b4cec080c471','Requested Nova to pick Arianna Woods from 5266 Mockingbird Ln to 322 Lake Ave'),(156,1555880304,'02316ee5e6e1be04fcc971b48b9fa484ca5bc2bc8de22ba83c8d16eb1600a61d','Mohamed removed the task for transporting Alan Ryan from 6853 E Center St to 601 Elmwood Ave'),(157,1555880304,'936a2af386e6323395389f8eeb1e4a445ff7a2ebfea519790bd6b4cec080c471','Removed task from Ava for transporting Alan Ryan from 6853 E Center St to 601 Elmwood Ave'),(158,1555880305,'02316ee5e6e1be04fcc971b48b9fa484ca5bc2bc8de22ba83c8d16eb1600a61d','Mohamed removed the task for transporting Fernando Willis from 7264 Ranchview Dr to 322 Lake Ave'),(159,1555880305,'936a2af386e6323395389f8eeb1e4a445ff7a2ebfea519790bd6b4cec080c471','Removed task from Ava for transporting Fernando Willis from 7264 Ranchview Dr to 322 Lake Ave'),(160,1555880313,'b2c7d4109a6b32be59174040e66f4a10d0144b97dd7febd3f8130c4f38744779','Mohamed removed the task for transporting Lesa Terry from 6499 Groveland Terrace to 601 Elmwood Ave'),(161,1555880313,'936a2af386e6323395389f8eeb1e4a445ff7a2ebfea519790bd6b4cec080c471','Removed task from Nova for transporting Lesa Terry from 6499 Groveland Terrace to 601 Elmwood Ave'),(162,1555880314,'b2c7d4109a6b32be59174040e66f4a10d0144b97dd7febd3f8130c4f38744779','Mohamed removed the task for transporting Arianna Woods from 5266 Mockingbird Ln to 322 Lake Ave'),(163,1555880314,'936a2af386e6323395389f8eeb1e4a445ff7a2ebfea519790bd6b4cec080c471','Removed task from Nova for transporting Arianna Woods from 5266 Mockingbird Ln to 322 Lake Ave'),(164,1555880322,'04f01a152bdb6850fb8bc1e1384c36e10e35b280478076fa4e1d8cc60115612d','Mohamed removed the task for transporting Noah Campbell from 6787 Homestead Rd to 601 Elmwood Ave'),(165,1555880322,'936a2af386e6323395389f8eeb1e4a445ff7a2ebfea519790bd6b4cec080c471','Removed task from Sawyer for transporting Noah Campbell from 6787 Homestead Rd to 601 Elmwood Ave'),(166,1555880322,'04f01a152bdb6850fb8bc1e1384c36e10e35b280478076fa4e1d8cc60115612d','Mohamed removed the task for transporting Victoria Morgan from 3685 Rolling Green Rd to 1000 South Ave'),(167,1555880322,'936a2af386e6323395389f8eeb1e4a445ff7a2ebfea519790bd6b4cec080c471','Removed task from Sawyer for transporting Victoria Morgan from 3685 Rolling Green Rd to 1000 South Ave'),(168,1555880323,'04f01a152bdb6850fb8bc1e1384c36e10e35b280478076fa4e1d8cc60115612d','Mohamed removed the task for transporting Alice Gutierrez from 6533 Locust Rd to 1425 Portland Ave'),(169,1555880323,'936a2af386e6323395389f8eeb1e4a445ff7a2ebfea519790bd6b4cec080c471','Removed task from Sawyer for transporting Alice Gutierrez from 6533 Locust Rd to 1425 Portland Ave');
/*!40000 ALTER TABLE `tbl_log` ENABLE KEYS */;
UNLOCK TABLES;

--
-- Table structure for table `tbl_patient`
--

DROP TABLE IF EXISTS `tbl_patient`;
/*!40101 SET @saved_cs_client     = @@character_set_client */;
 SET character_set_client = utf8mb4 ;
CREATE TABLE `tbl_patient` (
  `patient_id` varchar(64) NOT NULL,
  `firstname` varchar(64) DEFAULT NULL,
  `lastname` varchar(64) DEFAULT NULL,
  `route_id` varchar(64) DEFAULT NULL,
  PRIMARY KEY (`patient_id`),
  KEY `route_id` (`route_id`),
  CONSTRAINT `tbl_patient_ibfk_1` FOREIGN KEY (`route_id`) REFERENCES `tbl_route` (`route_id`)
) ENGINE=InnoDB DEFAULT CHARSET=utf8mb4 COLLATE=utf8mb4_0900_ai_ci;
/*!40101 SET character_set_client = @saved_cs_client */;

--
-- Dumping data for table `tbl_patient`
--

LOCK TABLES `tbl_patient` WRITE;
/*!40000 ALTER TABLE `tbl_patient` DISABLE KEYS */;
INSERT INTO `tbl_patient` VALUES ('05a7ca4dcbe717c37054c42f08a561d413ab02e7fac77e210698623d9c10e4f8','ralph','peters','9c7ab015df25a277fcc9bb0b202cf417638071318fc6dbd4b7f51c591c2258a6'),('09b5206a726c59eda78cde3d9068b97a8634d9c620f585c2f1f20f9a2812564a','glenda','ward','8868a714ad729f049c64bef54e4d92fa7679b8e126686bae9bb9e1f91e270488'),('0a0c283c30d9b4c19fc7300d254ddfb4d90743f4fc3cb8cc87c5c0b87c0beae6','warren','holmes','9bf394e5ba827f347e3929bf922c0c86c1ada6957c3bbca93d827de4e441ed51'),('0bbcc9fe3f8bdbbd5e2a9f43972b842fff96f4ea867d872d47b526ca78cfe3b2','angela','ross','917d0ccfded9dd981b1106f319ddaf1d9d5a75b45801b58157ccc3c757c30746'),('0fdfe64a1be101e674a0b9b4e01e08a85306efb0296686789ea0d4d32954e676','nevaeh','garrett','1bdf225e96c661e099ef50932196be84a2b590ee615394023b4c6b099af23f64'),('1bdab04cd8facedf625c1b27e76c7a8cb2810e510974f2a04f55cf024060857a','erika','bennett','eac45784e9c45c3d47ebe3ca1dd098cb47349235604fa22b57b0d7d46a02e6d6'),('1f06498d0802402750e49458915f6e881ccaaad70a65d4915490e0f58f5e2106','michele','robertson','4dda9197cdd88d2c03795b4430106e972a9246dfe191ac1a862093f288172470'),('1f681a432a1b450bf4c9ba02abe0b6fbbbd97d5b423c43d73efe70760c1fe949','jennie','griffin','6ad38e68c2fca918629dc9359493bdec48cad867131ebd31eb3fd8d6331ef851'),('27f83607ac71cc8456ee88837c91a76eb371a521036e92f730ebb5d7deff5df4','lester','pierce','6e61f5892895d6fe72f278ba718e16a49a202ee0bd4fc0b7ba4d4cfd706b66e6'),('3252efe2c953eb582642d7eb5e9c6aefd6a968c40e85502b23596d861db2f5cd','willie','martinez','cbe8a44f9b24511cf60a490259e5149759202a799fc11f67c2ecdc666cf931ba'),('3587313d52ba1ecdaaa4bc3d60b09c2937895d75a12a44cd1ba16e1b55099aee','jeanette','washington','b64481e84eeecd50eba267e2d642b75ab81a1303b78b5d16800405f4b4e886e8'),('387080e4f0312c79726fa281d400ec56bcdff3c45a17f2581c378ed4198d28a5','ricky','oliver','f2bac2023b300d963fe6fbe56adb75ecd12dfa1c45e2e3edc77baf903357e7ad'),('410bd4beae7440614f38c8777a647dc1533728d3da9a24d0441336269d1f4ffe','alice','gutierrez','f21bb6fadbc8a12fa0a9b3f4aef85e1f41a067c64f03b9e0b5bfcd2cfeabf664'),('431f65e0408f96a7b36380d0bf45de41f816d56d9300dbb3c33f9d3ee31baa14','perry','gutierrez','9221e7c6538864f3d4f87887e28a32fd56a70ef17397292aa10a15b95314a8dc'),('499fda0d02fd34b6756b76de38f42d917df10fab3aeaf79a68a3bc8facfcf4c3','nora','barnett','7b53ffc20045011e966c73c686f0198579a3cf6e587c6b6c89712f9a587f5be4'),('4b48061fa894f2d107c734af898a4275758192b2e47e964ad9693e4df604cca8','arianna','woods','9d60badcaa6f27e8209da5ac7400757524c23ef64db802616051e07f9c48a48a'),('5171444b18028e4c0ab1813a59dda8bec4e43db4859b176915befd90dc15bb1e','vanessa','pierce','e8a8f4d18ac1ee1c9c3790dd6f1924ca5a51f405aae14906222472da70093ab8'),('561add4a9e9da17125b333c730425db71a962f55f28176f83826874d266ef2ec','ramon','sims','6cc7045e7c096bfb8e33d602663fe8e5e73f80fff023310fff4d840667fc87a7'),('56f647f3139c3391f1f33a1ab552b8746e392aa06d48efc6a7d2505f174ae8c6','don','jones','81a8961e4a9730ccb2973470a6b163fcd33191a9afd8077c5bde3fcfc07be88d'),('5bc4f7d94b0fd8c75f5067d1d1054aea0639e17af756417646a91107924589d7','maurice','weaver','afa8c2091e94e892182a060505f30af1cb71e67ea8950619bd1c5293d5c6dccf'),('65bebd56e3bde4207f339767230609bfde34a3f12213c7fca2fb99f6b487bdba','leroy','berry','9ce45ae90235307c8f8a1ca6ab45415fb5b0e0e5ade8fa1e4bb0d316febf2ccf'),('65d2550f877c78a878736d026dabf4b2751a11e63eaa2277455cea79b0fe5230','victoria','morgan','2c45f0f30ae520e6f21c52f1cd46ef3c77d9f20a5a954d1177875d9c31421850'),('6f90e67984bdab06b368aabcf49be47a8f3039d7a44e67232b7428a47122c994','leon','curtis','97ed4c28d66d3163c55ff048877e483852a7ce0db6bd0134ab7ca816996bd20b'),('70dc1b541c2dc95f9d72021827c985a94c56479c403ffd514e3cd291f5021ffe','arron','kelly','34bbf8aef407cc23eafe97e6aa54ebb359f382897aeeb2286448066235b61656'),('71ab2e914bba007676dbb918c0de06420a707aabc2ec03be9494a175899d5846','duane','schmidt','6700b0339d7c02ddaebc5c758e3a438d1ecc8c53e9f2a7fe26f139149a49c81b'),('7fcab8226dd3b1ff11042a05a68612723a96f4cda675b008fb8554cb4b091c53','willie','spencer','c3ecbab604725afb30f0aced5282017f17ad8a12b76ae6463b6c7469e186e31d'),('8008f0952e4d0386e2239c36acba69c1448ed30a134901edd04ad2726b9b1d6e','aubree','parker','bb482960435efa97d15dfc3ce0af7a1ad59d06108436a34b1b634a9719b97a80'),('8075db8f5475982bcdd4fc21350806999829dc7108e85da1cf2da1550357b86d','ralph','simpson','0563e110b1043a4d87e99acebfef6c199ae6aeee9d6729551c186853f787ebe8'),('816fa2eb577c0ceda89d36b351b9fbd5bcf592a4867a042cab68b619541c273e','steve','wills','ab908b1b3a3e3aa65ae3e0a6a98f8fc67f94382f25e361b68f2beea73eb6197b'),('8669ccb91f123571506d339807cfb9cebdbd173f5c3297d6694cb030cd59213d','marjorie','williamson','fa525310e2419be23caa128c291b5466516e88d023fb58edde6d300d192ec95e'),('86ce2751b6ac03b6ac06dae75ca871374c59d9d2d23355174df8edd818781342','taylor','morrison','a8f7b4a19d3a4930f2f6d56b5e899a45d6dbc9dfe42336d0f4d79d1ce8a1c0a0'),('8721cb1980fe2b30ebbf9b8287c15bf46c92b17ea5235a2d2e377e547b3a7b45','wanda','lane','1533ec19c0ffc3714fbf08d850772ba950b9162ad7f1a64ea49170a5cb31a672'),('8b2a2ff553bc08159c2337dde16f7b3737b0b672fa328a2ec1614f43be3e84e7','gerald','vasquez','4dd2eb33cb120ed8bc56d6c3720eb51de59dc153c40765bedd6a9d6d67b7bce9'),('8fb6e052f116a997ce1564143d85583fda9a36c69093be0cf67744abe83dccf3','noah','campbell','1bdd8152e8118e0a0a4925d977537d852a5b6cad63d77dedcbc24d24e0172370'),('9d43d21a60fc0f73110a52b19df805f73ecca28517e71d1caa7fdde89134981b','frances','freeman','f12facad12065d44b170c9bb147cfcd545dad51f7be1071e29b936608884325e'),('9f82b8d341896b1cadf4feafff206d9fd01df3789ecb19c38a456e654bde9141','melissa','ryan','93fa228a775cd3ed3cd19954c309f83e5e954a45d0aefc34520b9680da822374'),('9fd800f438ccfcc07f4ef058d74fda1d26ea6c2af94a8fc02310818b89a83606','dylan','rodriguez','b21feb07d1b1ab7f55f87da130ddfdb33a237c68a356cd8f2430ba7241890ef9'),('a06d5e5c8084fd64eb83ebc0ac3623669d9a18ef6e6f0513bb330f6ed1cff09c','lesa','terry','f0ea8083cb2f2f40ef5b08f7c8ed84ba70e5e29be919947359d93e6f0792dbff'),('a1050f745287fdfaffba5efc274f85c14d38344157a251787e49e3eb020a917e','kent','gutierrez','81056d0e049ad50e8fcd10d840fe9b3f8f6835d5e1755c94d9815a27a0d9bacf'),('a20f8d077b5be5c1a7b134503292162aa07cc970d45bb70f1770ed22bd4a472e','julio','freeman','90a5260bcbff7e723901e0d7f656eaee9342c9eff9e861bb37d2180b33cb3323'),('a2845eba17105091d1724a67ce4e0f22dec6079057a29ec69a4643ec6dd9346f','scott','curtis','52e06b4f58190ccb8e24b8254685f83f39e66a3b4636e73e73308d66814ffeb5'),('a4ad1c1379ec26e4d152ccf2f340bd8311d7d1148c2ae62240ee48de2d42b4f7','jordan','smith','89f8f1762d2ff6206233c9d46beedaf0e9a33334bbce9922389ce10972a271d5'),('b40d664170497ae2b986eb0198245592dce157518106a5788ba461e8a11a615a','fernando','willis','8e0937fa0e273831823381d7e3c798c83e6570538959dbfaffe39eefcd41cfba'),('b9bb1650e309bf243a316ea58fe97959ef224065ecbc445c56c1b07fdef5af12','michael','foster','5f2f0bfb0646d6b4ec9c2f25dba3c39b3a83fe3be7d0a44f0c969e9c3fce5424'),('bce7b2a4f10b0748b91038cd018d44005b30d7cfd3851a8f4c246a72440cb7b6','arnold','steward','50d3455f40ca031c70e8c8101c13db851a8507d22b49e43ed7cfdde98663b7b6'),('bec5f8cd09b88fe39c2c26ff708c401494e41c439cd88576509074cf2ee9dabb','heidi','rose','1fc9a75907a03213bb17e7a812e4c7765a91474e1e9c0093814355cf9161f40c'),('c0036aa4f0e09fc50b5ed90baf3a94989f522d4c4b615e4da9d93446fd4dd8cf','sharlene','bell','4c331e73d8ef883e39af9d65afbcff9ecb2a15cb892927201b268504f9934048'),('c2e71aaf6bec0b33688e326f21dc00d82e1602885ac29edd350cc0a740fe2d63','jamie','riley','2ade0c1c94e74edd71a7419664af7ebd175591863f78fdd7a85b0f6d53299cff'),('c3de1b5b0ea0e90d20aa738ee31ec2d4afc6cc7d166b88720111285c66785e86','paula','webb','4855c15574ec5cab19af3094fb63b930a5f28fea4221926157073a9137795e4e'),('c988359091c663540bbf7bf0cc408db962a12063d3b623fb135c361358d38b1f','albert','kelly','db3be783bd1df5590265e483e3debd058711cd4482b6dc1bb0b6f44fac787632'),('d1a9fa518c77b0ca6830581267d2ba45418584eaeb18ba6702da7013c2b4aea6','jo','reynolds','0f36deb32398d713c754afcc7bfad50b45c94bd330c390155d5916d8931ea2ef'),('d3123a580c1919c5bda31acb8989f8483c86b1aff0657df72baaf2dcc6fb3f88','mitchell','willis','7a0df37a638a83f484f616eb04d35be5cabdccbea54458b45d830a4c26e3b075'),('d782c0a9a31c47b1818ee137669da6b2aa72205f5e242f529603aed9f5855c5f','danny','woods','18e96872b6e57426195598ec2eb062239fec319aa754bceb91dd4a571f9e787b'),('d8e6821e328d193a5c177e6cc87342be8f96c4744952e8af006ee96d3d666c72','victor','stephens','232f6ec441e8675b845ab7238d0e0529b00bb2a16cbcd170df572bd48ac334e1'),('e25271ed60d02fb2634538f7eaea174df3372a53533d94a9f8bc197da389f852','charles','ray','6d333c00290834d25b62f1ba3b78390435d8ed89d5b2d8c21f7137ec761b3f71'),('e62f1f13b2e99abcfcf528978d0e7ea0d3e9dbf5fefc89860aa38f1271dfae99','alan','ryan','91909b52a1569d3c68a0cc4f712c48d14c6e4cc365756b3ea4a21fb3a5255f8c'),('e653ef9f70073f8031ddb373f10e411ad04d7687ae280dc9a2f48b9402db6209','jose','byrd','8f208b47d3801225e24af68c7d26fddd404273d557443a364e0b4de6c08ec3bb'),('e6622ef4f5d2ccfb0c0ee29be8c6e8c154f797c64a5b91fc9f14498fae4bbc37','will','jackson','e812a1d8264c77ce33bce1784d0c68c1cf409c10aa38c8ba8f38c504a4896476'),('e7aeaa434df7ff7b08919133df0f191761ac01ac9d34bb5365b7b1f8fe78030f','marian','howard','81c691cbe65dac2c60dc7a168d6b1eed2da39464ffe8f9db329307522e993390'),('fc1328881521688409aebb13dd5a637f9ededb757639a7047d60b76cab74f3ad','jon','davis','202607b19a3754842cac2e8784e31877664c13b49d0be947e20caac32c2b7036');
/*!40000 ALTER TABLE `tbl_patient` ENABLE KEYS */;
UNLOCK TABLES;

--
-- Table structure for table `tbl_route`
--

DROP TABLE IF EXISTS `tbl_route`;
/*!40101 SET @saved_cs_client     = @@character_set_client */;
 SET character_set_client = utf8mb4 ;
CREATE TABLE `tbl_route` (
  `route_id` varchar(64) NOT NULL,
  `source` varchar(164) DEFAULT NULL,
  `status` tinyint(1) DEFAULT NULL,
  `destination` varchar(164) DEFAULT NULL,
  PRIMARY KEY (`route_id`)
) ENGINE=InnoDB DEFAULT CHARSET=utf8mb4 COLLATE=utf8mb4_0900_ai_ci;
/*!40101 SET character_set_client = @saved_cs_client */;

--
-- Dumping data for table `tbl_route`
--

LOCK TABLES `tbl_route` WRITE;
/*!40000 ALTER TABLE `tbl_route` DISABLE KEYS */;
INSERT INTO `tbl_route` VALUES ('0563e110b1043a4d87e99acebfef6c199ae6aeee9d6729551c186853f787ebe8','7701 hunters creek dr',0,'322 Lake Ave'),('0f36deb32398d713c754afcc7bfad50b45c94bd330c390155d5916d8931ea2ef','8606 country club rd',0,'1425 Portland Ave'),('1533ec19c0ffc3714fbf08d850772ba950b9162ad7f1a64ea49170a5cb31a672','3580 lone wolf trail',0,'1425 Portland Ave'),('18e96872b6e57426195598ec2eb062239fec319aa754bceb91dd4a571f9e787b','1325 hamilton ave',0,'1425 Portland Ave'),('1bdd8152e8118e0a0a4925d977537d852a5b6cad63d77dedcbc24d24e0172370','6787 homestead rd',0,'601 Elmwood Ave'),('1bdf225e96c661e099ef50932196be84a2b590ee615394023b4c6b099af23f64','3461 bruce st',0,'322 Lake Ave'),('1fc9a75907a03213bb17e7a812e4c7765a91474e1e9c0093814355cf9161f40c','4836 homestead rd',0,'322 Lake Ave'),('202607b19a3754842cac2e8784e31877664c13b49d0be947e20caac32c2b7036','6894 samaritan dr',0,'322 Lake Ave'),('232f6ec441e8675b845ab7238d0e0529b00bb2a16cbcd170df572bd48ac334e1','7426 e pecan st',0,'322 Lake Ave'),('2ade0c1c94e74edd71a7419664af7ebd175591863f78fdd7a85b0f6d53299cff','1551 northaven rd',0,'1000 South Ave'),('2c45f0f30ae520e6f21c52f1cd46ef3c77d9f20a5a954d1177875d9c31421850','3685 rolling green rd',0,'1000 South Ave'),('34bbf8aef407cc23eafe97e6aa54ebb359f382897aeeb2286448066235b61656','1293 green rd',0,'1425 Portland Ave'),('4855c15574ec5cab19af3094fb63b930a5f28fea4221926157073a9137795e4e','2199 homestead rd',0,'1425 Portland Ave'),('4c331e73d8ef883e39af9d65afbcff9ecb2a15cb892927201b268504f9934048','4269 mockingbird hill',0,'601 Elmwood Ave'),('4dd2eb33cb120ed8bc56d6c3720eb51de59dc153c40765bedd6a9d6d67b7bce9','294 saddle dr',0,'601 Elmwood Ave'),('4dda9197cdd88d2c03795b4430106e972a9246dfe191ac1a862093f288172470','837 fincher rd',0,'1000 South Ave'),('50d3455f40ca031c70e8c8101c13db851a8507d22b49e43ed7cfdde98663b7b6','4085 nowlin rd',0,'1425 Portland Ave'),('52e06b4f58190ccb8e24b8254685f83f39e66a3b4636e73e73308d66814ffeb5','5265 cackson st',0,'601 Elmwood Ave'),('5f2f0bfb0646d6b4ec9c2f25dba3c39b3a83fe3be7d0a44f0c969e9c3fce5424','8090 hogan st',0,'1425 Portland Ave'),('6700b0339d7c02ddaebc5c758e3a438d1ecc8c53e9f2a7fe26f139149a49c81b','7319 westheimer rd',0,'1000 South Ave'),('6ad38e68c2fca918629dc9359493bdec48cad867131ebd31eb3fd8d6331ef851','9951 samaritan dr',0,'322 Lake Ave'),('6cc7045e7c096bfb8e33d602663fe8e5e73f80fff023310fff4d840667fc87a7','7985 frances ct',0,'1000 South Ave'),('6d333c00290834d25b62f1ba3b78390435d8ed89d5b2d8c21f7137ec761b3f71','8278 w pecan st',0,'322 Lake Ave'),('6e61f5892895d6fe72f278ba718e16a49a202ee0bd4fc0b7ba4d4cfd706b66e6','2397 stevens creek blvd',0,'601 Elmwood Ave'),('7a0df37a638a83f484f616eb04d35be5cabdccbea54458b45d830a4c26e3b075','4774 walnut hill ln',0,'1425 Portland Ave'),('7b53ffc20045011e966c73c686f0198579a3cf6e587c6b6c89712f9a587f5be4','614 taylor st',0,'322 Lake Ave'),('81056d0e049ad50e8fcd10d840fe9b3f8f6835d5e1755c94d9815a27a0d9bacf','5609 lone wolf trail',0,'1425 Portland Ave'),('81a8961e4a9730ccb2973470a6b163fcd33191a9afd8077c5bde3fcfc07be88d','4319 hillcrest rd',0,'1000 South Ave'),('81c691cbe65dac2c60dc7a168d6b1eed2da39464ffe8f9db329307522e993390','8638 mockingbird ln',0,'1000 South Ave'),('8868a714ad729f049c64bef54e4d92fa7679b8e126686bae9bb9e1f91e270488','2258 country club rd',0,'1000 South Ave'),('89f8f1762d2ff6206233c9d46beedaf0e9a33334bbce9922389ce10972a271d5','291 Reynolds St',0,'322 Lake Ave'),('8e0937fa0e273831823381d7e3c798c83e6570538959dbfaffe39eefcd41cfba','7264 ranchview dr',0,'322 Lake Ave'),('8f208b47d3801225e24af68c7d26fddd404273d557443a364e0b4de6c08ec3bb','2542 forest ln',0,'1425 Portland Ave'),('90a5260bcbff7e723901e0d7f656eaee9342c9eff9e861bb37d2180b33cb3323','5543 saddle dr',0,'1000 South Ave'),('917d0ccfded9dd981b1106f319ddaf1d9d5a75b45801b58157ccc3c757c30746','258 Flint St',0,'1000 South Ave'),('91909b52a1569d3c68a0cc4f712c48d14c6e4cc365756b3ea4a21fb3a5255f8c','6853 e center st',0,'601 Elmwood Ave'),('9221e7c6538864f3d4f87887e28a32fd56a70ef17397292aa10a15b95314a8dc','2506 wheeler ridge dr',0,'322 Lake Ave'),('93fa228a775cd3ed3cd19954c309f83e5e954a45d0aefc34520b9680da822374','965 pecan acres ln',0,'1425 Portland Ave'),('97ed4c28d66d3163c55ff048877e483852a7ce0db6bd0134ab7ca816996bd20b','2917 shady ln dr',0,'322 Lake Ave'),('9bf394e5ba827f347e3929bf922c0c86c1ada6957c3bbca93d827de4e441ed51','1083 shady ln dr',0,'1425 Portland Ave'),('9c7ab015df25a277fcc9bb0b202cf417638071318fc6dbd4b7f51c591c2258a6','927 mockingbird ln',0,'601 Elmwood Ave'),('9ce45ae90235307c8f8a1ca6ab45415fb5b0e0e5ade8fa1e4bb0d316febf2ccf','2373 dane st',0,'601 Elmwood Ave'),('9d60badcaa6f27e8209da5ac7400757524c23ef64db802616051e07f9c48a48a','5266 mockingbird ln',0,'322 Lake Ave'),('a8f7b4a19d3a4930f2f6d56b5e899a45d6dbc9dfe42336d0f4d79d1ce8a1c0a0','3529 hillcrest rd',0,'1000 South Ave'),('ab908b1b3a3e3aa65ae3e0a6a98f8fc67f94382f25e361b68f2beea73eb6197b','461 Arnett Blvd',0,'601 Elmwood Ave'),('afa8c2091e94e892182a060505f30af1cb71e67ea8950619bd1c5293d5c6dccf','923 royal ln',0,'601 Elmwood Ave'),('b21feb07d1b1ab7f55f87da130ddfdb33a237c68a356cd8f2430ba7241890ef9','9961 preston rd',0,'322 Lake Ave'),('b64481e84eeecd50eba267e2d642b75ab81a1303b78b5d16800405f4b4e886e8','2810 pockrus page rd',0,'322 Lake Ave'),('bb482960435efa97d15dfc3ce0af7a1ad59d06108436a34b1b634a9719b97a80','1747 oak lawn ave',0,'601 Elmwood Ave'),('c3ecbab604725afb30f0aced5282017f17ad8a12b76ae6463b6c7469e186e31d','7176 parker rd',0,'1000 South Ave'),('cbe8a44f9b24511cf60a490259e5149759202a799fc11f67c2ecdc666cf931ba','5428 marsh ln',0,'601 Elmwood Ave'),('db3be783bd1df5590265e483e3debd058711cd4482b6dc1bb0b6f44fac787632','3679 blossom hill rd',0,'1425 Portland Ave'),('e812a1d8264c77ce33bce1784d0c68c1cf409c10aa38c8ba8f38c504a4896476','142 Arnett St',0,'1425 Portland Ave'),('e8a8f4d18ac1ee1c9c3790dd6f1924ca5a51f405aae14906222472da70093ab8','1594 hickory creek dr',0,'601 Elmwood Ave'),('eac45784e9c45c3d47ebe3ca1dd098cb47349235604fa22b57b0d7d46a02e6d6','80 sunset st',0,'601 Elmwood Ave'),('f0ea8083cb2f2f40ef5b08f7c8ed84ba70e5e29be919947359d93e6f0792dbff','6499 groveland terrace',0,'601 Elmwood Ave'),('f12facad12065d44b170c9bb147cfcd545dad51f7be1071e29b936608884325e','17 hickory creek dr',0,'1000 South Ave'),('f21bb6fadbc8a12fa0a9b3f4aef85e1f41a067c64f03b9e0b5bfcd2cfeabf664','6533 locust rd',0,'1425 Portland Ave'),('f2bac2023b300d963fe6fbe56adb75ecd12dfa1c45e2e3edc77baf903357e7ad','8359 adams st',0,'322 Lake Ave'),('fa525310e2419be23caa128c291b5466516e88d023fb58edde6d300d192ec95e','5512 cackson st',0,'1000 South Ave');
/*!40000 ALTER TABLE `tbl_route` ENABLE KEYS */;
UNLOCK TABLES;

--
-- Table structure for table `tbl_status`
--

DROP TABLE IF EXISTS `tbl_status`;
/*!40101 SET @saved_cs_client     = @@character_set_client */;
 SET character_set_client = utf8mb4 ;
CREATE TABLE `tbl_status` (
  `last_online` bigint(20) DEFAULT NULL,
  `time_created` bigint(20) DEFAULT NULL,
  `ip_address` varchar(15) DEFAULT NULL,
  `session_token` varchar(64) DEFAULT NULL,
  `stat_id` varchar(64) NOT NULL,
  PRIMARY KEY (`stat_id`),
  CONSTRAINT `tbl_status_ibfk_1` FOREIGN KEY (`stat_id`) REFERENCES `tbl_account` (`user_id`)
) ENGINE=InnoDB DEFAULT CHARSET=utf8mb4 COLLATE=utf8mb4_0900_ai_ci;
/*!40101 SET character_set_client = @saved_cs_client */;

--
-- Dumping data for table `tbl_status`
--

LOCK TABLES `tbl_status` WRITE;
/*!40000 ALTER TABLE `tbl_status` DISABLE KEYS */;
INSERT INTO `tbl_status` VALUES (1555800687,1554869626,'127.0.0.1','123a917be36082cbdcb0af2118c989f605b07877078c824388741886975a1516','02316ee5e6e1be04fcc971b48b9fa484ca5bc2bc8de22ba83c8d16eb1600a61d'),(1554870066,1554870066,NULL,NULL,'030091e88a0cc63dc571c7bbce91e789087a4c3f3d48be90acbf2e5ee8854547'),(1554870076,1554870076,NULL,NULL,'0363dc9e22174e621dab53b635a6b206de02dc21875e05d63575584c27e782c4'),(1554870077,1554870077,NULL,NULL,'048bf3a859388f7f149abf843f0e1bacd391e4a61d452d7099c819ff8989e192'),(1554869933,1554869933,NULL,NULL,'04e00b20a08acb9ad06b60bb9061777c427964f826cd0eba0c2954fa3115954b'),(1554927128,1554870101,'127.0.0.1','537ab149a106f81b17e679e3de577621ea9653b487eee2a6aa3b69131d1c726a','04f01a152bdb6850fb8bc1e1384c36e10e35b280478076fa4e1d8cc60115612d'),(1554869990,1554869990,NULL,NULL,'05fbe02c6196bf6ed72e0d8820e54450fb78ca2efa889fe250ea614432bead1d'),(1554870019,1554870019,NULL,NULL,'06e485ac2fc8631448a45414926de4ce9b90abfd4a36a754176f650f95252f2a'),(1554869637,1554869637,NULL,NULL,'07d55acbc76696fc678f9e56e0f9dcb16bc9bbb2c6964b74b3c671bc4cf7a780'),(1554870097,1554870097,NULL,NULL,'08586c78f9d66de29bd195e7602d11799ef4f366922ba47645d3e1a4e825e75b'),(1555815343,1554869931,'127.0.0.1','823641a25c3cf1900113170eb84c6d58fce8bc716de137123856198f9f58e2f3','09f9657d3a9cf4f69594a85d6fa2a854ac567f5584c8e3ebb0bd7b341bff0b71'),(1554870061,1554870061,NULL,NULL,'0dd7b3c5624261aff58f08da5dc9887ed3eb6861cf589dce1dfb02fbd4c185a4'),(1554870110,1554870110,NULL,NULL,'0e656875883145d12d6d6a2c6f88e12ef87e2571361dec518b3023f1cef71f8e'),(1554870000,1554870000,NULL,NULL,'0f878c29f3f093ffeb163e57339f20baa25a41325d9363aa8e16f8d8fb239255'),(1554870015,1554870015,NULL,NULL,'11a1c2f052a8b12ad6254fdf90cc0cbe20339aa438d8b5cce903f4c8e638b930'),(1554869948,1554869948,NULL,NULL,'12444da10c343dcc4c3b7804587e0b77024b556bf0abbf5bcda5864ddf7d6365'),(1554869959,1554869959,NULL,NULL,'1245b10b26c4b009673fd5366866ef4617b525b5ab0139e76773780f96dd4acb'),(1554870100,1554870100,NULL,NULL,'12c04afdf800e0f4a8e91ffd98cb31c1f10ecbe2bbc116507abb932ef8ed30df'),(1554869943,1554869943,NULL,NULL,'13972ea6494fe7f8f25a61f0b4d02d0ffaaf8b9dac06f4acd6a30afcc154d3a6'),(1554870098,1554870098,NULL,NULL,'148a00f524c3ecc947c684391f7511c627df1ffa0844054446ba6ecff59b6067'),(1554869952,1554869952,NULL,NULL,'156591957ee5c776bdbc063aa9aec3848ba7748d5b3676685c950fb77510b8d9'),(1554870064,1554870064,NULL,NULL,'19e0db0c7c6c80b9678255d6d7577c88319b315c241b3e03d7f3739c50246ac0'),(1554869987,1554869987,NULL,NULL,'1a2d47679f23e4a41117348e61aca30d39b5eda062866ad08093477842c4df75'),(1554869997,1554869997,NULL,NULL,'1d67572c50583c753cf2d75f790e97e061f58dab35e43f633ffcc9ad112a8f03'),(1554869954,1554869954,NULL,NULL,'1f084480414f47253fc2ea05d8a04204a755c9246119be591239f444954e1704'),(1554869980,1554869980,NULL,NULL,'1f7d34c12eb1b713027ee818841fc85001ead1d00ad1f1693b42279ac903e17a'),(1554869928,1554869928,NULL,NULL,'21702b2776b554fc4f9099733118ccf1bd2fd7c7b04c709bd5b0e57a984dd252'),(1554869961,1554869961,NULL,NULL,'22902ea28c4df60f07c3723d8e2d0e7adf282f1585f08bc11b3b8e94a8136a73'),(1554869964,1554869964,NULL,NULL,'22c9f6718e05b7fffa8f6c2057edf02a75e508f7a4fe024c20ff4768a446dfef'),(1554870007,1554870007,NULL,NULL,'22d4e4d346da1d492fa6d92233d6ead1683d7563806ed272829f2745b056558c'),(1554869962,1554869962,NULL,NULL,'23f064b6299ac0adbbe211f17c3a9917be28f0480c2c11c620d4cbfe1eaa31ac'),(1554869957,1554869957,NULL,NULL,'26471a8032648912fdf1573775776411195929eb71b7b49060e2eaea14377340'),(1554869977,1554869977,NULL,NULL,'27afc2042e75f48eb24cad44fb357e8980640e701801de1b9615129e3fdecd3e'),(1554870047,1554870047,NULL,NULL,'27df550802e31fb4736cf898d561c7e8eb14bcf2815e85f02ed3baba672a3c83'),(1554869650,1554869650,NULL,NULL,'2c06c0c240dbb223279219b96eea048efafd792482992ffc9cd76207bb85e1a3'),(1554870060,1554870060,NULL,NULL,'2d6145b348b4c2a4c52a101f213a6a546698250ce445be727de5bc11756b8b07'),(1554869932,1554869932,NULL,NULL,'2ecddbec0174b392b95a66934818eb81f066468ce04f8abd0bddef26e785f128'),(1554869995,1554869995,NULL,NULL,'310fe49ad826ca52e350e09b590f03c05020e91ed34a01c3c7e92fb6581c43ce'),(1554870057,1554870057,NULL,NULL,'31e105da1933fd6e1fbb48504ddcc4f696ec2545086abac053defd8c6f756e8a'),(1554869978,1554869978,NULL,NULL,'327b568e7a94630c8e829ad612879a2726d967d372a6413039e1f53d37a1ad79'),(1554869630,1554869630,NULL,NULL,'34b417cc2f1d281834f8ae013f663e88b184635cf449c7f5a3c2231caa7da43d'),(1554869936,1554869936,NULL,NULL,'34d5cb3533f297866f2f39b4f70163402693f053ece961081dc6be71d5b7b06e'),(1554870083,1554870083,NULL,NULL,'350cfa73485556dfa475ae4045e27553890c18c02265093be9a6b9e6a15df183'),(1554870115,1554870115,NULL,NULL,'35f70ddd14f9b4aed92204cfae7b606286c8efcc51b18836a99d9cf5a24a7bf4'),(1554869979,1554869979,NULL,NULL,'3621dc0344e9d7e0b092b7326757980713bab14ab31a0b04dc7ac4e9bf38c61a'),(1554869956,1554869956,NULL,NULL,'36ac840d51fb8613cc3f21190de58f0def28654ed6c0f2c828fa9de09bf50698'),(1554870003,1554870003,NULL,NULL,'37c066b86e7a075323d94ce2805b91062074791b346e8dcc9cfbbc8f960f61aa'),(1554870045,1554870045,NULL,NULL,'3842a76424f691afefeffe128816ac5f62964b57baf7b1c182408af6f458052a'),(1554869950,1554869950,NULL,NULL,'387743a90826b70ceefd526e131f0d96d33f1c0f859b11eb5e91f1d80322bd96'),(1554869657,1554869657,NULL,NULL,'3c0b6ca81bf733b2edd774fcc3ec9471a43ff5a28377f5ce38b3f826b00275a5'),(1554870005,1554870005,NULL,NULL,'3c126655170cb928b4dce4a4d249e88b4fa749ca2227f194d508db4c04ba9568'),(1554870055,1554870055,NULL,NULL,'3d120dd42aed74c54e8caa7e9241fffd7e851996c24698f5918b836f611cbcda'),(1554870073,1554870073,NULL,NULL,'3e86f08520a13b09a849526d23ee83b470871f512aff2b6e5566cd9e2217d48f'),(1554869958,1554869958,NULL,NULL,'3ee8913b773938a8cc2fd80a1ce826f59f973f291b4b3d7a1e156d5d69d634a9'),(1554869992,1554869992,NULL,NULL,'3f9d2722678ec33749038901278ecf5ede09bdde5ce9b9e59fe57801432081c5'),(1554870094,1554870094,NULL,NULL,'4112d0a9689ce8312f778bfaf254bf7d0d649e1c438c8d5ced816ac46d082864'),(1554869955,1554869955,NULL,NULL,'4146317baad705d7f72266cdfd1a54c8b90a22fab597615a8cc5b22a506c7e68'),(1554870050,1554870050,NULL,NULL,'46074bfccbb19cea36026d7a94c8aa9ed88836048d65af127c8d49ca09f3138b'),(1554869934,1554869934,NULL,NULL,'466bd2f1bd69da7b81b462297e15cde1315fff328a668a09b0155bdb1e00dd11'),(1554870091,1554870091,NULL,NULL,'47c77c35fc292f77ec64566c9327583670283a6384e04ad2b18d0cd65528514a'),(1554869640,1554869640,NULL,NULL,'4c59ebbcf501cc0af1fdccc68dc553cee5ecc0dca39c1cb7a243784527d8bd3f'),(1554870013,1554870013,NULL,NULL,'4df1128ae82ef1c76c87488ddefc83e474723e7d6a44771b8b5a89573a4d28b3'),(1554870069,1554870069,NULL,NULL,'4e8ca4e8f61d32b71c6e931144f1838ba40d3e800d5c5d7da490666a3e22312f'),(1554870096,1554870096,NULL,NULL,'513d840e2075ee2c6d342bc08bf48b57529c81bb3062c105771f4fcbef4247d6'),(1554870092,1554870092,NULL,NULL,'518e8e21587bbcf1cc887ad18fd6f73c040c3e0e9361e3290f49311d6f877b53'),(1554870111,1554870111,NULL,NULL,'51d33e5640c9a02c501d7186061d02708b0013402346f234634a12ea702fe254'),(1554869625,1554869625,NULL,NULL,'52470c1b3e8c8f4b749c2861d33c2e0bed8fc84079a61f3499bd21f04365f499'),(1554870020,1554870020,NULL,NULL,'5307fb2ae220459e8461153b45983ecce4208b871307a2005d354f54fdf355ae'),(1554870067,1554870067,NULL,NULL,'53df8c483f4b615ed2b426f5420afb0830d10b8bebb90c5d276d1d448b8b358c'),(1554869942,1554869942,NULL,NULL,'551b0a59d82c0ff1054bdf60e07f1179e67bdde67c6597fbdf4e230067243d9c'),(1554870034,1554870034,NULL,NULL,'551dde065ff6aaf79ec49be2d352b6a8fde996d1db6c4a7008df899aed545a85'),(1554869634,1554869634,NULL,NULL,'564d0a648165773fef8063fd440bfc2ab5cdc18ea5c5cef4636ee369c4524d0c'),(1554870113,1554870113,NULL,NULL,'56a3bced2295ef6a7289a251cbec869ba558c2f1219453c4a1164bae6bda4ba0'),(1554870054,1554870054,NULL,NULL,'582d0bb97603d7422ac780b12020707a317ad81f040acf51aa48730b2e278136'),(1554869643,1554869643,NULL,NULL,'5acbed79fadbe7d67d2cfa8096412e1f5c00b78ca6bb24bb482d19300ab78c84'),(1554870044,1554870044,NULL,NULL,'5b66f1a90d4bda5d6d25b73bedec72b40cebf1810e100d8e4e384117e0a08694'),(1554923982,1554870074,'127.0.0.1','2d2613b5dd83ed78f62eabe6971688173947df147d6531a02e783071acdb39d3','5bfbef2b6ccf6d16385917e45b152cea9e472fde680cc85b7bee37fcd0f21f35'),(1554870104,1554870104,NULL,NULL,'613d433c13181505deac3ff9ff3a12a65019292ddd74ba886e6116655e36ca6f'),(1554870024,1554870024,NULL,NULL,'64ed6306510d64aa331f5f28e5b62f10101e0d67bc725cec147e666a181be983'),(1554870032,1554870032,NULL,NULL,'6596712c30e45e9ef0007edd9e40ae9dfbb9ac010698fc0aefb40dc137379446'),(1554869933,1554869933,NULL,NULL,'6c05c3fcb2779f39f81c152d1849048e71b09a7505752bf982916a4c0b04e480'),(1554869935,1554869935,NULL,NULL,'6c86c17d058e52a59ad7ade2ffa0c3ca1dc2739751d1349ba3bb1db785bc9f3a'),(1554869976,1554869976,NULL,NULL,'6cdc1747384272343a2ccda4b870cf7fa5ccc309d260274285089c62ac596b6f'),(1554870049,1554870049,NULL,NULL,'6e6ba9032c9d47253714c503979d6e3aec9030d64f84435c5d23e5052a9aecfd'),(1554870082,1554870082,NULL,NULL,'6fc9e3c7a0433b2b4066f4f7d294055d9ec6c2e95705ad287c3d6729bf335ed3'),(1554870062,1554870062,NULL,NULL,'73bf28ec7a5301f650f6918c6301f7c3f238b2dde88670d2846d07b834ee90dc'),(1554870105,1554870105,NULL,NULL,'74d6b068b0e2bc6a3892dbe70aec345ca37cca848cd000b99c429c999fe921bd'),(1554870071,1554870071,NULL,NULL,'74e1867660283c14683a8127b445481271f1dec39a8f72ec0ecca8d8c9a93d68'),(1554870018,1554870018,NULL,NULL,'76fd48500c7a70e30d9fbd9d47033034c67012d271f62d3cdf82b4d2af0beeee'),(1554870080,1554870080,NULL,NULL,'77e916ea826c2a388dfd6a1646072dad5dc2af55baf6d201c68f11ae76d106e0'),(1554870010,1554870010,NULL,NULL,'7ac8f50da9d2a0e6d98f479dba7360d4afcd71e7d1b666689e8ea0dd7b3844d0'),(1554869929,1554869929,NULL,NULL,'7b21ba695ceb9473ebda6c5f1b65df98ad9c2862a71e6db7ad6debba7e79f65e'),(1554870099,1554870099,NULL,NULL,'7b6e39f7097966606d5500fc6625e4b02aea7c1c8fc0e75cf68c3e9c1d524e19'),(1554870006,1554870006,NULL,NULL,'7c0f9a45e0f2089acaa3fb9a32371944f803b12b775ca0f486069785e6ef8b4c'),(1554870106,1554870106,NULL,NULL,'7dc0b32ffda752e80837d07d1fe728d252449aa968179e6c4167aa2b810cf559'),(1554869985,1554869985,NULL,NULL,'7dfdde90231f09ec1ac2c3cdfbfcf4c5b57f0d514aa90ae378a3f5578199d369'),(1554870052,1554870052,NULL,NULL,'80d7cbcc0890b7a2cb43923d601246fa14866ae9e8239192ccefd6457c3e5fb8'),(1554869970,1554869970,NULL,NULL,'861eda0e37d835e05fce5d98d3e6aee8a1d2c9d8981a7c2f4f84441f15a00aab'),(1554869948,1554869948,NULL,NULL,'864a1ad87af6ff6f3d144be7778a4b46b5fa6f5868afff4f22a0b31d4b9dec09'),(1554870093,1554870093,NULL,NULL,'888a925371182c13bb6cd087c0d32cdfa1842f81e891870127d34078faae4264'),(1554870025,1554870025,NULL,NULL,'8987e2cb534250aec0026367f144c75cc49f074d05508688cebcaed07e96d95a'),(1554870065,1554870065,NULL,NULL,'89c5bf01b4eb811a353a4514a61d576d2ed121ddfa88681edb5ab3ca9ca7a4bf'),(1554869937,1554869937,NULL,NULL,'8a6de2252792ad7688a12f07a9d1d249771cd80f62bf0f3d85b719a771c44939'),(1554870014,1554870014,NULL,NULL,'8b23fcf59546815b4d367a19cd89416e883dc0dcaa5ca39dd8d46661d5acb64c'),(1554869981,1554869981,NULL,NULL,'8b9da734755406adc6f063ab3eabc58f30cfb12b14db01d312c96c9214799d97'),(1554869963,1554869963,NULL,NULL,'8bbb5ee63c5aa5a74e8e36cb975c07795cae3db8703254a5691c170c7226597d'),(1554869986,1554869986,NULL,NULL,'8f0bce4e346ed02ed5f7f3af9c86bc047c3057eaec949da23dd1f1166ed82f8d'),(1554869651,1554869651,NULL,NULL,'9004cdfae873b55c7d98e323aaad5fdbc4a00d7cb0904524d22997f6558f94b4'),(1554869960,1554869960,NULL,NULL,'90a83bb1290bd989b3466e279f1fe247877579075d0223c7e9ad2104a403cb84'),(1554869944,1554869944,NULL,NULL,'9113acab70881c8cc3b69abbb0a4d5dcf36da6173025d5eae14f1d1fe930149c'),(1554870028,1554870028,NULL,NULL,'9138bfd70a75793df514dc0f101332839c3938b2c6b6aadf139c2d94ed799176'),(1554870072,1554870072,NULL,NULL,'9291dfa433a996fe7f2a4379a05cdd52bacee50d0b1eaca31d19dc28cf882915'),(1554870068,1554870068,NULL,NULL,'9330a9f42e9ba65015e8e94b07cc0baf1ce67f433af3be9e74324e7520fbfcdd'),(1555880357,1554869616,'127.0.0.1','384a2bad55c29e67494e75450a864a4b1d9cf7af2c4efe60ad507b4c0c855b4d','936a2af386e6323395389f8eeb1e4a445ff7a2ebfea519790bd6b4cec080c471'),(1554869975,1554869975,NULL,NULL,'95238adfad54d479b439e8c53010c7cc1c69e0875b8b95f9a9d400ea0c8cdd55'),(1554870008,1554870008,NULL,NULL,'959ad24f775a3c45ff74c93a3d306ea4c0794ffcec6810bc9c963879407bf4a5'),(1554869994,1554869994,NULL,NULL,'97b7c9493769cbc71f686f12f1025fb946d1dede4f5b2093b05c07cbc958d735'),(1554869949,1554869949,NULL,NULL,'9836fadb525e6f5105ca0a5a50fbc47ce1d014ea8c9206e04bbccc486777a43b'),(1554869988,1554869988,NULL,NULL,'9a27e7a4c43c1c1e6848123742a5cce84022cceee94014a4a18014b9bb171f87'),(1554870056,1554870056,NULL,NULL,'9af450378ef14492291f8684f3627912996df382eec1ad34c3f11de6095eb955'),(1554869956,1554869956,NULL,NULL,'9ba6d90171de772cb79614abb35553ad38c439e47469de91a518c61f5b9a19a3'),(1554870114,1554870114,NULL,NULL,'9e3dc52e05259e437a664cfedee54036285e44971be9e6754f02da7c1eb468e1'),(1554869622,1554869622,NULL,NULL,'9efe816e29fc7d2651e864d98c50c371d9dc8366d88819a7a5f63aee6df7e1c4'),(1554869620,1554869620,NULL,NULL,'9f94018cc64e3b8789bfb85e635a337ee8cb65eb71c9a1378a2d766ffeb2565b'),(1554870004,1554870004,NULL,NULL,'a0072dbeaddc55bdf90e31b59ae0b223e3988dec3b910d1ebf28ad4453239755'),(1554869940,1554869940,NULL,NULL,'a0379bd2d4830efa4305d6e5043f639b921ad2449ec3490e73d18ee6e4e8cab5'),(1554869953,1554869953,NULL,NULL,'a473c6f94d3d41ef6497275b4c850bba600ad6c4659d7cf413e014612b6ff771'),(1554870036,1554870036,NULL,NULL,'a715c3589e61b3a1f0e80077458e39557c8af422b3a12f8aea9717282843ce18'),(1554870012,1554870012,NULL,NULL,'a76d90402e64cd3baffae183dd646fceb416eab3574d4748a06a789d68de6b34'),(1554869983,1554869983,NULL,NULL,'a960f0536e742ded50157ea75136ecf7dc62fc53b76f8de4ec5791e28fb8d58d'),(1554869974,1554869974,NULL,NULL,'a9c7bae9db0f213d4196dbaa5115ca8dc0331b070486822048bc8f74ac074fec'),(1554869654,1554869654,NULL,NULL,'aad201f59fe1c32c88a3076ab3b9c4e41f038f031c3623ba6ceea635a7fea6b5'),(1554870071,1554870071,NULL,NULL,'aad5e22bfc9717a9e5b3cbced9424ddf5663ef17cf8b174ab8aa6729fdf68c89'),(1554869973,1554869973,NULL,NULL,'abd2d5875a11f885515979b0b917c865eb942f4269962365ae35aee59def7c36'),(1554869967,1554869967,NULL,NULL,'acea6c98b6926e96f639f5e7bd6a82f16be9b6338eebb3c2372068a986d6932c'),(1554869641,1554869641,NULL,NULL,'adc2042a6fd8c6dfb76ac781ab6b47c64d30066ff262bd2d837e75974fb225e1'),(1554870002,1554870002,NULL,NULL,'af9964e184d99cc74fc57153801960756055d720dea8485078422e506b5904f7'),(1554870042,1554870042,NULL,NULL,'b0141376c968c092ce3174bd85381f83023b9733dd24e3a487ca84a090991582'),(1554870112,1554870112,NULL,NULL,'b06ff322930a89d78c1a405d1a8c4b9a8b0d3caa6e89d5dd51bb3edfb501b9c6'),(1554870084,1554870084,NULL,NULL,'b0e2621d47b43f8ff5e16da4a0dd879edd8cd8bed02b2428a5d66f8bb32ac001'),(1555777613,1554870102,'127.0.0.1','20f06831fcb335eee517cb7d8a94af3e85851fe967a5afe8a196385350927ea9','b2c7d4109a6b32be59174040e66f4a10d0144b97dd7febd3f8130c4f38744779'),(1554870040,1554870040,NULL,NULL,'b500c4b2e87bef822a1df1c48adb7d2422e96deba2140be4b30aa463d8e9db20'),(1554869969,1554869969,NULL,NULL,'b6cf676caf7171984abcda968ead7b37fcc80b225f2fd75d42ff2fb0ffc5b359'),(1554870089,1554870089,NULL,NULL,'b6e5335b729d938b4269c5ff25e631bfb98cae1a937ef2898a5125721ccb30c9'),(1554869644,1554869644,NULL,NULL,'b94fe46a02bb7f1097ce7dc72e68269d183bde199128023049e7478ca417a148'),(1554869991,1554869991,NULL,NULL,'ba0611eb923ee144be234112a652287e06fa3391790cc68c39f72bc2d9977c5f'),(1554869619,1554869619,NULL,NULL,'bb92bb1956f52baf05fe025a753cec1e64d68dd1dd67bd91258682997ce2d5b4'),(1554870031,1554870031,NULL,NULL,'bbf980bca624c4d5e850f8604352167cb52c2f6d0aae4c0fb74be6e3aa4ab899'),(1554870078,1554870078,NULL,NULL,'bc8cd07306399fd2cc1ffa4e1dcc3a1c82c054d52232743a04ef43293298a43e'),(1554869627,1554869627,NULL,NULL,'bcb1b50403093d80619cdfa37403232a3e9f69abb7e79a77adca8f2ad26c6ebe'),(1554869967,1554869967,NULL,NULL,'be7c50c5bee6557a2c9a46d2526964e07ac81cd73fd18b8dc1d768b4112322d1'),(1554869975,1554869975,NULL,NULL,'bf226f151d0e1cd5cba46e7d1fa2769489ae8a33eeef4be50f6f4a3b4568f567'),(1554870087,1554870087,NULL,NULL,'bf65b27e8e47be94fa9cf44432a6f58d6d6492362bd7440dba1dfd200c3e6af3'),(1554869951,1554869951,NULL,NULL,'bfb4e6236759425135f585e305e7d725e1d0a8c32643a2792e971191bfd81aa6'),(1554870035,1554870035,NULL,NULL,'c2307e0449a0b12450ee3a66c4134b13096202cb2ceda9750332e9f4ffa6c609'),(1554870011,1554870011,NULL,NULL,'c363ae7ff0cd3de504c613296bd3e2b249e1a9fb9637b6a347656b7311bf25f3'),(1554869646,1554869646,NULL,NULL,'c409938e311c98e3da10901cbf82108f1ac071748587d7cd7134d2bbe4096da7'),(1554870085,1554870085,NULL,NULL,'c5a0fcad9aafe60060dca31c56880c595b9f3689c7e92dbbb586dbec317346e9'),(1554869962,1554869962,NULL,NULL,'c620d84f7510ffc06174773a97ceb38a4d0158fdfeb11ae02de63d02c6b13b71'),(1554869982,1554869982,NULL,NULL,'c72132fe53c93c2d15ed76ec286685e65344af9188ef2a13334d71e2c2651835'),(1554869636,1554869636,NULL,NULL,'c7b7abe82c29dfa6ca7f7c9207f3861f366d1054e4614ee18611505dc68cc3e6'),(1554870021,1554870021,NULL,NULL,'c7e49acb012e3ead4b301c48ca07d8d0ee0bed41ab4c3d118722b512f2891545'),(1554869938,1554869938,NULL,NULL,'c88b69d966b65d76cc9a2b103e881ddf4c41802039b6c7953bbb0eae0c6971ab'),(1554869930,1554869930,NULL,NULL,'ca1cb5968ac2823737643e8cf8bcca5d361f631315de4c6d210b68c01fcbe557'),(1554869998,1554869998,NULL,NULL,'cca77004f0de373181758600b1cb5c61598697bccb548166c12fb1e42523bff8'),(1554869941,1554869941,NULL,NULL,'cda8d772036e9175409bfe029f7cf45f124b1132dcbb1a3dce040611ba11e25b'),(1554869942,1554869942,NULL,NULL,'ce65162b2915cadd772091151bd535471a1175a0c13b56aab7684fe9dec9ea83'),(1554870058,1554870058,NULL,NULL,'cf452bf7497c69e59ccc42f76a9424a1488c1211a532f2079386186f0023b525'),(1554869994,1554869994,NULL,NULL,'cf82e2edf5783dbe7eea7c1b2c88dc56ac2db19dcd9805168aa13bc96d41f244'),(1554869972,1554869972,NULL,NULL,'cf8cf0df3dafa5abc4d45ee541925c3843d6e06e9d697a5cb27b51aa154f555c'),(1554869968,1554869968,NULL,NULL,'d15f1a0018a8521c340934a4f6517339ad5ede0a5b21844c4b4dff8013d9481e'),(1554869633,1554869633,NULL,NULL,'d45460dc494678d871f2ced69e9c9126a8f6bfbf86c98ad8113ffc0a0178e55c'),(1554869996,1554869996,NULL,NULL,'d46ee0e28cc8582b630fcc51b9a74edd1b27c0a35fc92449118bb78f1e57d49a'),(1554869947,1554869947,NULL,NULL,'d76bd9f786a787ebf8c3cf1ac31974ee3dd8f36b0138790a09b5909c03ab72e6'),(1554869656,1554869656,NULL,NULL,'d8bcc74fe9d92487969400e6a4a956515813c915fca46bbc55167c4173355803'),(1554870030,1554870030,NULL,NULL,'dc9121cacafba5641e67035829ee7ea49641172b679e50f9ea4ceb305fca9eb4'),(1554869647,1554869647,NULL,NULL,'e39c761100f18f57d65cfd160a92a32c4a278d4dacd1502512a3ba14e486c65a'),(1554869971,1554869971,NULL,NULL,'e736b09b1454c08f24b9b7bcb1f95ad95f171e7e845a318b8397a2fd7fc56d2d'),(1554870026,1554870026,NULL,NULL,'e73aea004b37f7146a030d14a2521955d02a23f840bd7df8965251f92196cf43'),(1554869999,1554869999,NULL,NULL,'e7902fdf9e542b777a9cdba9d336adad6419077f5889ebf9729e493d5ebed453'),(1554869939,1554869939,NULL,NULL,'e794070777e31f7ca27af7a32ea4fddcbb1f532e3f3ba4760af44b0f64def2bc'),(1554870023,1554870023,NULL,NULL,'e81ae9d30d2ff77d59b6302089bbc7be780fc6d41a2d58652ee146adb04f92ac'),(1554869965,1554869965,NULL,NULL,'e85086c3d2d877c124fbf4f7d23a2d782b74034619e4f2c9c844e88954155427'),(1554869989,1554869989,NULL,NULL,'e92bfc107271c64665fbdb8e7749f6d41e6df733f8c5c8184efea464fcdc6994'),(1554870017,1554870017,NULL,NULL,'ec18511c9a715787c16fd4e53d03c3c0507d6ec3117cca3df96435507ac7e7e6'),(1554870009,1554870009,NULL,NULL,'ed6869e82f76baa065a76b5245ecc51ad8fc4513b33dea86e6bd3f5423949487'),(1554870029,1554870029,NULL,NULL,'eda582cc8155b147b735cfc4c86dd7fdacb886ed661c0dbd5f3b6cc6eeb5db12'),(1554870107,1554870107,NULL,NULL,'ee48ad411ac6ce8fea36ac05212800b9aac8cab2311901fbfc383210cab61bb7'),(1554870081,1554870081,NULL,NULL,'eed0a70ca50ce08e7cbab5cce5d2d599638ffb67e49d3a29422a6628d43f55fa'),(1554870075,1554870075,NULL,NULL,'ef096608ed7257968e92df2e4ba491c04ec4971917fc99001965d91db892bca3'),(1554869945,1554869945,NULL,NULL,'ef32eab2e00272d93cb409c589ae958f6dc373222ae19a6a6107fe7a2cc7253c'),(1554869946,1554869946,NULL,NULL,'f060e6905b0b0c383a79bae16d5fe768511268c33bb2a55079165f38bce828ba'),(1554870037,1554870037,NULL,NULL,'f1fe694b3e3cc187cb667ccd3dafe478dfde95961a96aef3327ed4dfcad541b8'),(1554870039,1554870039,NULL,NULL,'f253d9a3225879f98c5a1ee97d3a5f7ac65e26310ac1992632ef64f0c0e5e711'),(1554870001,1554870001,NULL,NULL,'f2d5c9ae3ee68da5f36ff0dc9a6460a5df04f18e616920e766cbe2c4d98fbef2'),(1554869984,1554869984,NULL,NULL,'f4e4d59db23cabe6ab9540a5791448f2d41b64692b0d41ab409317c6c26f3455'),(1554870063,1554870063,NULL,NULL,'f52196bc7e75a1b75dddfb0b67323e16e698a3f2a66f7d4cdd8a9763a5ed5029'),(1554870051,1554870051,NULL,NULL,'f8241c2c4dbd06af8b87b004d2267ea891605dc6b4a56a39f33fe7335bcbdce0'),(1554869966,1554869966,NULL,NULL,'f84f4d7790502f458d08e1cdc136134760b47af2dfcb9d01f2cdf28a61123bcd'),(1554869617,1554869617,NULL,NULL,'fd94d3cc6ec169ac7c01b98c97976c00700d828a2cc3c9bfc595b5ca3dd1ca6c');
/*!40000 ALTER TABLE `tbl_status` ENABLE KEYS */;
UNLOCK TABLES;

--
-- Table structure for table `tbl_task`
--

DROP TABLE IF EXISTS `tbl_task`;
/*!40101 SET @saved_cs_client     = @@character_set_client */;
 SET character_set_client = utf8mb4 ;
CREATE TABLE `tbl_task` (
  `task_id` int(11) NOT NULL AUTO_INCREMENT,
  `time_created` bigint(20) DEFAULT NULL,
  `driver_id` varchar(64) DEFAULT NULL,
  `patient_id` varchar(64) DEFAULT NULL,
  `dispatcher_id` varchar(64) DEFAULT NULL,
  PRIMARY KEY (`task_id`),
  KEY `driver_id` (`driver_id`),
  KEY `patient_id` (`patient_id`),
  KEY `dispatcher_id` (`dispatcher_id`),
  CONSTRAINT `tbl_task_ibfk_1` FOREIGN KEY (`driver_id`) REFERENCES `tbl_account` (`user_id`),
  CONSTRAINT `tbl_task_ibfk_2` FOREIGN KEY (`patient_id`) REFERENCES `tbl_patient` (`patient_id`),
  CONSTRAINT `tbl_task_ibfk_3` FOREIGN KEY (`dispatcher_id`) REFERENCES `tbl_dispatcher` (`dispatcher_id`)
) ENGINE=InnoDB AUTO_INCREMENT=30 DEFAULT CHARSET=utf8mb4 COLLATE=utf8mb4_0900_ai_ci;
/*!40101 SET character_set_client = @saved_cs_client */;

--
-- Dumping data for table `tbl_task`
--

LOCK TABLES `tbl_task` WRITE;
/*!40000 ALTER TABLE `tbl_task` DISABLE KEYS */;
/*!40000 ALTER TABLE `tbl_task` ENABLE KEYS */;
UNLOCK TABLES;
/*!40103 SET TIME_ZONE=@OLD_TIME_ZONE */;

/*!40101 SET SQL_MODE=@OLD_SQL_MODE */;
/*!40014 SET FOREIGN_KEY_CHECKS=@OLD_FOREIGN_KEY_CHECKS */;
/*!40014 SET UNIQUE_CHECKS=@OLD_UNIQUE_CHECKS */;
/*!40101 SET CHARACTER_SET_CLIENT=@OLD_CHARACTER_SET_CLIENT */;
/*!40101 SET CHARACTER_SET_RESULTS=@OLD_CHARACTER_SET_RESULTS */;
/*!40101 SET COLLATION_CONNECTION=@OLD_COLLATION_CONNECTION */;
/*!40111 SET SQL_NOTES=@OLD_SQL_NOTES */;

-- Dump completed on 2019-04-21 17:06:49
